{
  "config": {
    "run_name": "exp1_2",
    "out_dir": "./results",
    "seed": 1439136439,
    "device": null,
    "bs_train": 128,
    "bs_test": 32,
    "batches": 100,
    "epochs": 100,
    "early_stopping": 3,
    "checkpoints": null,
    "lr": 0.001,
    "reg": 0.001,
    "filters_per_layer": [
      256
    ],
    "pool_every": 4,
    "hidden_dims": [
      100
    ],
    "model_type": "cnn",
    "conv_params": {
      "kernel_size": [
        3,
        3
      ],
      "stride": [
        1,
        1
      ],
      "padding": [
        1,
        1
      ]
    },
    "activation_type": "lrelu",
    "activation_params": {
      "negative_slope": 0.01
    },
    "pooling_type": "avg",
    "pooling_params": {
      "kernel_size": 2
    },
    "batchnorm": true,
    "dropout": 0.1,
    "kw": {},
    "layers_per_block": 8
  },
  "results": {
    "num_epochs": 0,
    "train_loss": [
      2.303209066390991,
      2.3034613132476807,
      2.3030624389648438,
      2.302793264389038,
      2.302945137023926,
      2.3026235103607178,
      2.3028814792633057,
      2.3028340339660645,
      2.3027491569519043,
      2.3026883602142334,
      2.3027026653289795,
      2.3026692867279053,
      2.302795648574829,
      2.3026959896087646,
      2.302680730819702,
      2.3027327060699463,
      2.302690267562866,
      2.302793025970459,
      2.302781581878662,
      2.3027234077453613,
      2.3027894496917725,
      2.302515745162964,
      2.3027403354644775,
      2.3026785850524902,
      2.3026416301727295,
      2.3027725219726562,
      2.3027408123016357,
      2.30265212059021,
      2.3026976585388184,
      2.3028011322021484,
      2.302671432495117,
      2.302701950073242,
      2.3026771545410156,
      2.302760601043701,
      2.3027408123016357,
      2.3027098178863525,
      2.3026843070983887,
      2.3026585578918457,
      2.302546262741089,
      2.3026089668273926,
      2.302712917327881,
      2.3027467727661133,
      2.3026540279388428,
      2.302537679672241,
      2.302699327468872,
      2.302720785140991,
      2.302710771560669,
      2.3028669357299805,
      2.302539587020874,
      2.302518367767334,
      2.302802324295044,
      2.302654981613159,
      2.302727222442627,
      2.3026421070098877,
      2.3026509284973145,
      2.302607774734497,
      2.302661657333374,
      2.3027048110961914,
      2.302713394165039,
      2.3026137351989746,
      2.302685260772705,
      2.3027119636535645,
      2.3026885986328125,
      2.3026771545410156,
      2.3027265071868896,
      2.3025879859924316,
      2.302501678466797,
      2.3025877475738525,
      2.3027379512786865,
      2.302612066268921,
      2.302633047103882,
      2.302746057510376,
      2.3026540279388428,
      2.3027524948120117,
      2.302664041519165,
      2.3026084899902344,
      2.3026645183563232,
      2.3026034832000732,
      2.3025176525115967,
      2.302537441253662,
      2.302700996398926,
      2.3027052879333496,
      2.3026602268218994,
      2.302612781524658,
      2.302962303161621,
      2.302727699279785,
      2.3029096126556396,
      2.3025267124176025,
      2.302828788757324,
      2.3027079105377197,
      2.302591562271118,
      2.3025457859039307,
      2.3026044368743896,
      2.3027336597442627,
      2.3027865886688232,
      2.3026514053344727,
      2.302628993988037,
      2.302656888961792,
      2.302628993988037,
      2.302701473236084
    ],
    "train_acc": [
      10.421875,
      9.7734375,
      9.71875,
      9.7890625,
      9.8984375,
      9.828125,
      9.8671875,
      10.09375,
      9.8671875,
      9.7265625,
      10.2421875,
      10.0390625,
      9.78125,
      9.703125,
      10.265625,
      9.9921875,
      10.3828125,
      9.7734375,
      9.921875,
      10.3984375,
      10.0859375,
      10.15625,
      9.9765625,
      10.0390625,
      9.671875,
      10.234375,
      10.234375,
      9.9296875,
      10.1875,
      9.8515625,
      9.734375,
      9.5078125,
      10.3828125,
      10.078125,
      9.8671875,
      9.75,
      10.171875,
      10.140625,
      10.3984375,
      9.90625,
      9.6953125,
      9.6015625,
      10.2265625,
      10.3671875,
      10.0703125,
      9.6953125,
      10.1015625,
      10.078125,
      9.734375,
      10.1640625,
      9.828125,
      10.0234375,
      10.0078125,
      10.09375,
      9.796875,
      10.046875,
      10.0625,
      10.125,
      9.5546875,
      10.2109375,
      10.125,
      10.0625,
      9.5546875,
      9.625,
      9.4921875,
      9.953125,
      10.046875,
      9.8984375,
      9.890625,
      10.03125,
      9.9765625,
      9.53125,
      10.0703125,
      9.796875,
      9.6875,
      10.2109375,
      10.0703125,
      9.8515625,
      10.171875,
      10.09375,
      10.1328125,
      9.7421875,
      9.7109375,
      10.1484375,
      9.90625,
      10.1328125,
      9.75,
      10.0234375,
      10.21875,
      10.03125,
      10.4296875,
      10.4921875,
      9.9921875,
      9.765625,
      9.453125,
      9.5234375,
      9.875,
      9.671875,
      10.34375,
      10.0234375
    ],
    "test_loss": [
      2.3031153678894043,
      2.3035101890563965,
      2.3031296730041504,
      2.302621603012085,
      2.3026132583618164,
      2.3029093742370605,
      2.302532196044922,
      2.302292585372925,
      2.3027217388153076,
      2.3025848865509033,
      2.30269718170166,
      2.3023386001586914,
      2.302544116973877,
      2.3026580810546875,
      2.3027613162994385,
      2.3028314113616943,
      2.302525043487549,
      2.302887439727783,
      2.302488327026367,
      2.302344560623169,
      2.3027844429016113,
      2.3030877113342285,
      2.3026349544525146,
      2.3027236461639404,
      2.3023903369903564,
      2.3027052879333496,
      2.302651882171631,
      2.3027422428131104,
      2.3026509284973145,
      2.3025951385498047,
      2.3025619983673096,
      2.302415609359741,
      2.3027350902557373,
      2.302609443664551,
      2.302466630935669,
      2.3026514053344727,
      2.302478551864624,
      2.302623987197876,
      2.302701711654663,
      2.3026552200317383,
      2.302753448486328,
      2.302598714828491,
      2.302739143371582,
      2.3024868965148926,
      2.302990674972534,
      2.3026626110076904,
      2.3026087284088135,
      2.302523374557495,
      2.302860975265503,
      2.302650213241577,
      2.3025176525115967,
      2.3025686740875244,
      2.3025100231170654,
      2.3024954795837402,
      2.3028104305267334,
      2.302685499191284,
      2.302633047103882,
      2.3025271892547607,
      2.3024535179138184,
      2.302577257156372,
      2.302290678024292,
      2.3026795387268066,
      2.3028557300567627,
      2.302572011947632,
      2.3026437759399414,
      2.3025119304656982,
      2.302626132965088,
      2.302821159362793,
      2.30263614654541,
      2.302731513977051,
      2.302631378173828,
      2.302422046661377,
      2.3027498722076416,
      2.302659749984741,
      2.3025200366973877,
      2.302476406097412,
      2.3026788234710693,
      2.3027994632720947,
      2.3027398586273193,
      2.3026161193847656,
      2.3026695251464844,
      2.302448034286499,
      2.302612066268921,
      2.302473306655884,
      2.3024706840515137,
      2.3026485443115234,
      2.302532434463501,
      2.302476167678833,
      2.3026492595672607,
      2.3027658462524414,
      2.3028721809387207,
      2.3026123046875,
      2.302846670150757,
      2.3027331829071045,
      2.3025102615356445,
      2.3023838996887207,
      2.3024983406066895,
      2.302675247192383,
      2.3026673793792725,
      2.3025333881378174
    ],