{
  "config": {
    "run_name": "exp1_4",
    "out_dir": "./results",
    "seed": 2034371521,
    "device": null,
    "bs_train": 128,
    "bs_test": 32,
    "batches": 100,
    "epochs": 100,
    "early_stopping": 3,
    "checkpoints": null,
    "lr": 0.001,
    "reg": 0.001,
    "filters_per_layer": [
      64,
      128,
      256
    ],
    "pool_every": 4,
    "hidden_dims": [
      100
    ],
    "model_type": "cnn",
    "conv_params": {
      "kernel_size": [
        3,
        3
      ],
      "stride": [
        1,
        1
      ],
      "padding": [
        1,
        1
      ]
    },
    "activation_type": "lrelu",
    "activation_params": {
      "negative_slope": 0.01
    },
    "pooling_type": "avg",
    "pooling_params": {
      "kernel_size": 2
    },
    "batchnorm": true,
    "dropout": 0.1,
    "kw": {},
    "layers_per_block": 2
  },
  "results": {
    "num_epochs": 0,
    "train_loss": [
      2.2249951362609863,
      1.8499904870986938,
      1.622275710105896,
      1.543689250946045,
      1.4483678340911865,
      1.3967554569244385,
      1.3365139961242676,
      1.2789033651351929,
      1.235912799835205,
      1.1979808807373047,
      1.1516685485839844,
      1.12628173828125,
      1.0958431959152222,
      1.048160433769226,
      1.0239489078521729,
      1.0103825330734253,
      0.9609972238540649,
      0.9258962869644165,
      0.9091809391975403,
      0.8920886516571045,
      0.8577415943145752,
      0.8109676241874695,
      0.7910206317901611,
      0.7713313102722168,
      0.7516907453536987,
      0.7345618009567261,
      0.7235846519470215,
      0.6851275563240051,
      0.6696218848228455,
      0.6522290110588074,
      0.6198668479919434,
      0.5929727554321289,
      0.5947612524032593,
      0.5665477514266968,
      0.5424707531929016,
      0.5455508232116699,
      0.5201557278633118,
      0.5068376660346985,
      0.4721609055995941,
      0.4599146246910095,
      0.4418696165084839,
      0.43972814083099365,
      0.41889429092407227,
      0.4095827341079712,
      0.4113557040691376,
      0.3873554468154907,
      0.3624056577682495,
      0.35315123200416565,
      0.3631772994995117,
      0.3447713255882263,
      0.3331919312477112,
      0.3322829008102417,
      0.3106507360935211,
      0.31642264127731323,
      0.29939529299736023,
      0.29207643866539,
      0.2800102233886719,
      0.27312010526657104,
      0.266292005777359,
      0.2606874108314514,
      0.26670876145362854,
      0.2609884440898895,
      0.25025659799575806,
      0.24603499472141266,
      0.23384761810302734,
      0.2365056723356247,
      0.2371499240398407,
      0.2400282621383667,
      0.22431816160678864,
      0.22313335537910461,
      0.21004851162433624,
      0.2208636999130249,
      0.22006694972515106,
      0.2132221907377243,
      0.20974718034267426,
      0.1901106834411621,
      0.19848057627677917,
      0.2001638561487198,
      0.19324909150600433,
      0.19453541934490204,
      0.1922738403081894,
      0.19773805141448975,
      0.1820191591978073,
      0.19985464215278625,
      0.1905391663312912,
      0.18519511818885803,
      0.18873189389705658,
      0.17487861216068268,
      0.1787562370300293,
      0.17877589166164398,
      0.17905490100383759,
      0.1721756011247635,
      0.17292115092277527,
      0.17147745192050934,
      0.16626299917697906,
      0.17270395159721375,
      0.17032043635845184,
      0.18234187364578247,
      0.16302348673343658,
      0.1690780073404312
    ],
    "train_acc": [
      15.46875,
      32.59375,
      40.8984375,
      43.46875,
      47.0703125,
      49.0390625,
      50.9921875,
      53.9609375,
      55.171875,
      57.1796875,
      58.8359375,
      59.7109375,
      60.8828125,
      62.1171875,
      63.7890625,
      64.375,
      65.984375,
      67.015625,
      67.4765625,
      68.3515625,
      69.9765625,
      71.5234375,
      72.34375,
      72.984375,
      73.78125,
      74.671875,
      74.8203125,
      76.1015625,
      76.71875,
      77.34375,
      78.15625,
      79.71875,
      79.6875,
      80.2578125,
      81.2109375,
      81.3671875,
      82.078125,
      82.359375,
      83.75,
      84.78125,
      84.7578125,
      84.8671875,
      85.640625,
      85.7890625,
      85.8515625,
      86.5703125,
      87.7734375,
      88.0859375,
      87.8359375,
      88.2265625,
      88.8828125,
      88.59375,
      89.796875,
      89.5,
      89.765625,
      90.0625,
      90.71875,
      90.6796875,
      90.9296875,
      91.1953125,
      90.7421875,
      91.2734375,
      91.546875,
      91.609375,
      92.21875,
      91.96875,
      91.90625,
      92.125,
      92.5234375,
      92.296875,
      93.0703125,
      92.390625,
      92.40625,
      92.796875,
      92.7734375,
      93.53125,
      93.2109375,
      93.078125,
      93.5234375,
      93.4296875,
      93.421875,
      93.09375,
      93.8671875,
      93.1640625,
      93.5859375,
      93.671875,
      93.6328125,
      94.203125,
      93.6953125,
      93.96875,
      93.75,
      94.28125,
      94.109375,
      94.0390625,
      94.25,
      94.1171875,
      94.1875,
      93.8828125,
      94.4140625,
      94.2578125
    ],
    "test_loss": [
      1.997271180152893,
      1.6610350608825684,
      1.5249041318893433,
      1.4898182153701782,
      1.4150397777557373,
      1.3662928342819214,
      1.3098170757293701,
      1.323148488998413,
      1.2557767629623413,
      1.224079966545105,
      1.1590662002563477,
      1.1201220750808716,
      1.0937193632125854,
      1.1571524143218994,
      1.1081839799880981,
      1.091112732887268,
      1.0193507671356201,
      1.0886785984039307,
      1.011784315109253,
      1.0031025409698486,
      1.0218355655670166,
      1.0032545328140259,
      0.9648515582084656,
      0.9756397604942322,
      0.9895510673522949,
      1.0011353492736816,
      0.9920483231544495,
      0.9835134148597717,
      0.9635035395622253,
      0.9733377695083618,
      0.9283385276794434,
      0.9741358757019043,
      0.9414114356040955,
      0.9631552696228027,
      0.9683888554573059,
      1.0168761014938354,
      0.9759810566902161,
      1.04497230052948,
      1.0385690927505493,
      1.030724287033081,
      1.0824713706970215,
      1.0412636995315552,
      1.0587674379348755,
      1.0589975118637085,
      1.0908702611923218,
      1.1199114322662354,
      1.1138595342636108,
      1.1850295066833496,
      1.166948914527893,
      1.1958497762680054,
      1.1328375339508057,
      1.1511170864105225,
      1.2029768228530884,
      1.204532265663147,
      1.2280566692352295,
      1.2020374536514282,
      1.1169579029083252,
      1.1671853065490723,
      1.283446192741394,
      1.229978084564209,
      1.190783977508545,
      1.1897655725479126,
      1.330957293510437,
      1.3363399505615234,
      1.3471763134002686,
      1.2350133657455444,
      1.404044508934021,
      1.3627346754074097,
      1.3246475458145142,
      1.3216172456741333,
      1.3015779256820679,
      1.505741834640503,
      1.4480385780334473,
      1.3755767345428467,
      1.4224746227264404,
      1.3644460439682007,
      1.3355666399002075,
      1.4012659788131714,
      1.4222068786621094,
      1.488016128540039,
      1.4340020418167114,
      1.4305267333984375,
      1.3542327880859375,
      1.3269020318984985,
      1.3202400207519531,
      1.4830918312072754,
      1.4830851554870605,
      1.4806373119354248,
      1.4115238189697266,
      1.6125367879867554,
      1.519554615020752,
      1.5375014543533325,
      1.4686485528945923,
      1.4584096670150757,
      1.558782935142517,
      1.5744876861572266,
      1.4494918584823608,
      1.4429041147232056,
      1.5977604389190674,
      1.3826212882995605
    ],