{
  "config": {
    "run_name": "test",
    "out_dir": "./results",
    "seed": 482460251,
    "device": null,
    "bs_train": 128,
    "bs_test": 32,
    "batches": 100,
    "epochs": 100,
    "early_stopping": 3,
    "checkpoints": null,
    "lr": 0.001,
    "reg": 0.001,
    "filters_per_layer": [
      32
    ],
    "pool_every": 2,
    "hidden_dims": [
      100
    ],
    "model_type": "cnn",
    "conv_params": {
      "kernel_size": [
        3,
        3
      ],
      "stride": [
        1,
        1
      ],
      "padding": [
        1,
        1
      ]
    },
    "activation_type": "lrelu",
    "activation_params": {
      "negative_slope": 0.01
    },
    "pooling_type": "avg",
    "pooling_params": {
      "kernel_size": 2
    },
    "batchnorm": true,
    "dropout": 0.1,
    "kw": {},
    "layers_per_block": 2
  },
  "results": {
    "num_epochs": 0,
    "train_loss": [
      1.8567739725112915,
      1.5245094299316406,
      1.418198823928833,
      1.3390650749206543,
      1.278862714767456,
      1.2473012208938599,
      1.2290947437286377,
      1.2095776796340942,
      1.1585336923599243,
      1.1414350271224976,
      1.0974595546722412,
      1.113053321838379,
      1.0634616613388062,
      1.0459309816360474,
      1.0197296142578125,
      1.0342113971710205,
      1.0071005821228027,
      0.9859194159507751,
      0.9553530812263489,
      0.9670085310935974,
      0.9343498349189758,
      0.9297722578048706,
      0.9096205830574036,
      0.9085431694984436,
      0.8976070880889893,
      0.8684848546981812,
      0.8639665842056274,
      0.8469710350036621,
      0.8308933973312378,
      0.8135632872581482,
      0.8101534843444824,
      0.788808286190033,
      0.7748172879219055,
      0.7673680186271667,
      0.7856695055961609,
      0.7596378922462463,
      0.7495321035385132,
      0.730182945728302,
      0.743205726146698,
      0.7108288407325745,
      0.7098053097724915,
      0.7107167840003967,
      0.6857305765151978,
      0.6951151490211487,
      0.6658982038497925,
      0.6490625143051147,
      0.6545673608779907,
      0.6588502526283264,
      0.6224981546401978,
      0.6269185543060303,
      0.6342136263847351,
      0.6262311339378357,
      0.6117918491363525,
      0.592653214931488,
      0.5982713103294373,
      0.5772587060928345,
      0.575373113155365,
      0.5558691024780273,
      0.5427475571632385,
      0.558496356010437,
      0.5559083223342896,
      0.5214961767196655,
      0.5340504050254822,
      0.5323947072029114,
      0.510338306427002,
      0.5029699802398682,
      0.5002038478851318,
      0.4953637719154358,
      0.48735329508781433,
      0.48814547061920166,
      0.48612454533576965,
      0.47148633003234863,
      0.4644249379634857,
      0.4640832543373108,
      0.4640212655067444,
      0.43755096197128296,
      0.4431535601615906,
      0.45604538917541504,
      0.43204236030578613,
      0.4299035370349884,
      0.42467811703681946,
      0.41760480403900146,
      0.42235225439071655,
      0.41091033816337585,
      0.41539886593818665,
      0.4059757888317108,
      0.38452064990997314,
      0.3888397216796875,
      0.38157814741134644,
      0.38271427154541016,
      0.391326367855072,
      0.3800359070301056,
      0.3614296615123749,
      0.36904871463775635,
      0.35708320140838623,
      0.3662640452384949,
      0.37781044840812683,
      0.3516693413257599,
      0.35872024297714233,
      0.358047753572464
    ],
    "train_acc": [
      32.8515625,
      45.328125,
      49.6015625,
      52.2421875,
      54.578125,
      55.5234375,
      56.2890625,
      56.703125,
      59.171875,
      59.53125,
      61.25,
      60.6015625,
      62.3984375,
      63.0,
      64.21875,
      63.4765625,
      63.9453125,
      65.359375,
      66.0625,
      65.6640625,
      67.75,
      67.1953125,
      68.234375,
      68.4921875,
      68.6796875,
      70.0,
      69.859375,
      70.3984375,
      70.8828125,
      71.453125,
      71.890625,
      72.5,
      72.7890625,
      73.40625,
      72.7578125,
      73.359375,
      73.6015625,
      74.7421875,
      74.1171875,
      75.453125,
      75.2265625,
      75.3828125,
      75.8671875,
      75.5625,
      77.0546875,
      77.234375,
      77.0234375,
      77.53125,
      78.2578125,
      78.28125,
      77.8359375,
      78.0234375,
      78.8828125,
      79.46875,
      79.8359375,
      79.859375,
      79.8515625,
      80.5703125,
      81.3828125,
      80.9609375,
      80.828125,
      82.1953125,
      81.6640625,
      81.328125,
      82.5234375,
      82.8828125,
      82.7578125,
      83.1484375,
      83.46875,
      83.0390625,
      83.390625,
      83.6015625,
      84.078125,
      84.1171875,
      84.3984375,
      85.2890625,
      85.203125,
      84.375,
      85.484375,
      85.484375,
      85.5,
      85.96875,
      85.953125,
      86.1171875,
      85.890625,
      86.1796875,
      87.109375,
      86.78125,
      87.0234375,
      86.984375,
      86.5703125,
      87.5390625,
      88.1640625,
      87.7421875,
      87.9453125,
      87.6796875,
      87.4375,
      88.296875,
      87.9453125,
      88.1796875
    ],
    "test_loss": [
      1.6522265672683716,
      1.4632678031921387,
      1.3400241136550903,
      1.305711269378662,
      1.3015129566192627,
      1.310036301612854,
      1.256019115447998,
      1.2686700820922852,
      1.200484037399292,
      1.2166931629180908,
      1.1593050956726074,
      1.1670308113098145,
      1.1057591438293457,
      1.1193562746047974,
      1.1147873401641846,
      1.0955673456192017,
      1.0652813911437988,
      1.085979700088501,
      1.0989660024642944,
      1.0841416120529175,
      1.0550456047058105,
      1.097278118133545,
      1.056178092956543,
      1.0586591958999634,
      1.0388109683990479,
      1.004858136177063,
      1.0381600856781006,
      1.0265406370162964,
      1.0579594373703003,
      1.0512343645095825,
      1.0285930633544922,
      1.0535930395126343,
      1.0112555027008057,
      1.0333956480026245,
      1.0195226669311523,
      1.0243573188781738,
      1.0069025754928589,
      1.0163891315460205,
      0.988801896572113,
      1.0044127702713013,
      0.9871151447296143,
      1.0339016914367676,
      1.0395153760910034,
      1.0382946729660034,
      1.0183173418045044,
      1.0826878547668457,
      1.0506432056427002,
      0.9984820485115051,
      1.0193781852722168,
      1.0014033317565918,
      1.0317856073379517,
      1.0027776956558228,
      1.0182243585586548,
      1.0112600326538086,
      1.0272735357284546,
      1.0698717832565308,
      1.1079432964324951,
      1.0289615392684937,
      1.0285592079162598,
      1.083820104598999,
      1.076261043548584,
      1.0437945127487183,
      1.1168034076690674,
      1.0414016246795654,
      1.0490700006484985,
      1.048966884613037,
      1.0839951038360596,
      1.0713192224502563,
      1.1078124046325684,
      1.0421682596206665,
      1.0920926332473755,
      1.1491137742996216,
      1.104300856590271,
      1.0963809490203857,
      1.1285299062728882,
      1.0698251724243164,
      1.142056941986084,
      1.1756978034973145,
      1.0890086889266968,
      1.1377564668655396,
      1.1265090703964233,
      1.0654559135437012,
      1.201990008354187,
      1.1139413118362427,
      1.1791625022888184,
      1.1333279609680176,
      1.1412861347198486,
      1.1681703329086304,
      1.191898226737976,
      1.1810907125473022,
      1.1731231212615967,
      1.173924446105957,
      1.2141722440719604,
      1.2109824419021606,
      1.1844779253005981,
      1.212704062461853,
      1.2280298471450806,
      1.2236779928207397,
      1.2604836225509644,
      1.26907217502594
    ],