{
  "config": {
    "run_name": "exp1_4",
    "out_dir": "./results",
    "seed": 798311057,
    "device": null,
    "bs_train": 128,
    "bs_test": 32,
    "batches": 100,
    "epochs": 100,
    "early_stopping": 3,
    "checkpoints": null,
    "lr": 0.001,
    "reg": 0.001,
    "filters_per_layer": [
      32
    ],
    "pool_every": 4,
    "hidden_dims": [
      100
    ],
    "model_type": "cnn",
    "conv_params": {
      "kernel_size": [
        3,
        3
      ],
      "stride": [
        1,
        1
      ],
      "padding": [
        1,
        1
      ]
    },
    "activation_type": "lrelu",
    "activation_params": {
      "negative_slope": 0.01
    },
    "pooling_type": "avg",
    "pooling_params": {
      "kernel_size": 2
    },
    "batchnorm": true,
    "dropout": 0.1,
    "kw": {},
    "layers_per_block": 8
  },
  "results": {
    "num_epochs": 0,
    "train_loss": [
      2.3031017780303955,
      2.3031880855560303,
      2.3027780055999756,
      2.302690029144287,
      2.302844524383545,
      2.302527666091919,
      2.3025729656219482,
      2.3028042316436768,
      2.3027446269989014,
      2.3026928901672363,
      2.302701473236084,
      2.302732467651367,
      2.302828550338745,
      2.302699089050293,
      2.302628755569458,
      2.3027572631835938,
      2.3027052879333496,
      2.3026843070983887,
      2.3026809692382812,
      2.302595376968384,
      2.302744150161743,
      2.302631378173828,
      2.302530527114868,
      2.302800416946411,
      2.302725315093994,
      2.302647113800049,
      2.3026819229125977,
      2.302633285522461,
      2.3026909828186035,
      2.302639961242676,
      2.302673816680908,
      2.3027353286743164,
      2.3026540279388428,
      2.3026742935180664,
      2.302739381790161,
      2.3027286529541016,
      2.3026647567749023,
      2.3027756214141846,
      2.302623748779297,
      2.302612781524658,
      2.302732467651367,
      2.302625894546509,
      2.3027007579803467,
      2.302523374557495,
      2.3028910160064697,
      2.302708864212036,
      2.302654266357422,
      2.3027141094207764,
      2.3027005195617676,
      2.3027091026306152,
      2.3026833534240723,
      2.3025834560394287,
      2.302625894546509,
      2.302738666534424,
      2.302635669708252,
      2.3026697635650635,
      2.3026225566864014,
      2.3026537895202637,
      2.3028311729431152,
      2.302654504776001,
      2.3026537895202637,
      2.302687883377075,
      2.3027310371398926,
      2.302622079849243,
      2.302680253982544,
      2.3025970458984375,
      2.302600383758545,
      2.302635431289673,
      2.3027336597442627,
      2.302727222442627,
      2.3026654720306396,
      2.3026463985443115,
      2.3026442527770996,
      2.302633047103882,
      2.3027544021606445,
      2.302595853805542,
      2.3025991916656494,
      2.302741527557373,
      2.30263614654541,
      2.302673816680908,
      2.3027212619781494,
      2.3026809692382812,
      2.3025479316711426,
      2.3025312423706055,
      2.3026845455169678,
      2.30277681350708,
      2.302664041519165,
      2.3026201725006104,
      2.3026373386383057,
      2.3026788234710693,
      2.3027377128601074,
      2.3026063442230225,
      2.3026692867279053,
      2.3027029037475586,
      2.302637815475464,
      2.302729845046997,
      2.302650213241577,
      2.3026700019836426,
      2.302591323852539,
      2.3027865886688232
    ],
    "train_acc": [
      10.2265625,
      9.8125,
      9.6015625,
      10.078125,
      9.6953125,
      10.015625,
      10.046875,
      10.0859375,
      9.6875,
      9.9375,
      10.078125,
      9.71875,
      9.78125,
      9.8828125,
      10.5,
      9.5703125,
      9.8125,
      9.8671875,
      9.6171875,
      10.265625,
      9.6328125,
      9.90625,
      10.3828125,
      9.953125,
      9.6171875,
      9.8046875,
      9.859375,
      10.203125,
      10.015625,
      9.9375,
      9.6796875,
      9.375,
      10.1796875,
      10.1953125,
      9.8984375,
      9.765625,
      9.875,
      9.8046875,
      9.8984375,
      10.5234375,
      10.0078125,
      10.0234375,
      9.8125,
      10.0859375,
      9.703125,
      9.9140625,
      10.1171875,
      10.1328125,
      9.5703125,
      9.9453125,
      9.6953125,
      9.9140625,
      9.9453125,
      9.6328125,
      10.0546875,
      10.1328125,
      10.2578125,
      9.9609375,
      9.921875,
      9.875,
      9.9609375,
      10.0,
      10.0859375,
      9.890625,
      9.78125,
      9.9921875,
      10.25,
      9.8984375,
      10.0390625,
      9.78125,
      10.0703125,
      10.1015625,
      10.0078125,
      10.265625,
      9.859375,
      10.1015625,
      10.328125,
      9.9609375,
      10.15625,
      9.421875,
      9.7578125,
      10.0859375,
      10.0234375,
      10.359375,
      10.0546875,
      9.8984375,
      10.171875,
      10.0546875,
      9.8203125,
      10.1875,
      9.6875,
      10.140625,
      9.8671875,
      9.9921875,
      10.140625,
      9.765625,
      9.96875,
      9.8671875,
      10.1640625,
      9.4921875
    ],
    "test_loss": [
      2.3041677474975586,
      2.3031740188598633,
      2.303316831588745,
      2.3023152351379395,
      2.3026835918426514,
      2.302699327468872,
      2.3027234077453613,
      2.3028573989868164,
      2.302633047103882,
      2.3030827045440674,
      2.3025600910186768,
      2.302828550338745,
      2.30267596244812,
      2.3026387691497803,
      2.3028464317321777,
      2.3025288581848145,
      2.3025169372558594,
      2.3024604320526123,
      2.302393913269043,
      2.3028616905212402,
      2.302574634552002,
      2.3026506900787354,
      2.302668333053589,
      2.3025434017181396,
      2.302654266357422,
      2.302734136581421,
      2.3024466037750244,
      2.302774667739868,
      2.302631139755249,
      2.3026769161224365,
      2.3025577068328857,
      2.3026747703552246,
      2.302609443664551,
      2.3023054599761963,
      2.30241322517395,
      2.3026394844055176,
      2.3024959564208984,
      2.302532196044922,
      2.302400588989258,
      2.302490711212158,
      2.302436113357544,
      2.302724599838257,
      2.3026702404022217,
      2.303013801574707,
      2.3026394844055176,
      2.302628993988037,
      2.30267596244812,
      2.3025381565093994,
      2.302659034729004,
      2.302675485610962,
      2.302490711212158,
      2.302720546722412,
      2.3026552200317383,
      2.302422285079956,
      2.3028180599212646,
      2.3027243614196777,
      2.3024404048919678,
      2.3021199703216553,
      2.3026113510131836,
      2.3024990558624268,
      2.30285906791687,
      2.3025171756744385,
      2.3024141788482666,
      2.302610158920288,
      2.302788496017456,
      2.302755355834961,
      2.3025052547454834,
      2.302760124206543,
      2.302795171737671,
      2.3027124404907227,
      2.302443027496338,
      2.3026084899902344,
      2.302515745162964,
      2.302246332168579,
      2.302624225616455,
      2.3026883602142334,
      2.3026726245880127,
      2.3027007579803467,
      2.3027398586273193,
      2.3027474880218506,
      2.302621603012085,
      2.302675724029541,
      2.302647590637207,
      2.3025331497192383,
      2.3026981353759766,
      2.302443742752075,
      2.3025708198547363,
      2.3025107383728027,
      2.302762031555176,
      2.302536964416504,
      2.3027093410491943,
      2.3024611473083496,
      2.3025097846984863,
      2.3026039600372314,
      2.302867889404297,
      2.302663564682007,
      2.302579402923584,
      2.3028171062469482,
      2.3024861812591553,
      2.3023948669433594
    ],