{
  "config": {
    "run_name": "test",
    "out_dir": "./results",
    "seed": 1554338218,
    "device": null,
    "bs_train": 128,
    "bs_test": 32,
    "batches": 100,
    "epochs": 100,
    "early_stopping": 3,
    "checkpoints": null,
    "lr": 0.001,
    "reg": 0.001,
    "filters_per_layer": [
      64
    ],
    "pool_every": 4,
    "hidden_dims": [
      100
    ],
    "model_type": "cnn",
    "conv_params": {
      "kernel_size": [
        3,
        3
      ],
      "stride": [
        1,
        1
      ],
      "padding": [
        1,
        1
      ]
    },
    "activation_type": "lrelu",
    "activation_params": {
      "negative_slope": 0.01
    },
    "pooling_type": "avg",
    "pooling_params": {
      "kernel_size": 2
    },
    "batchnorm": true,
    "dropout": 0.1,
    "kw": {},
    "layers_per_block": 8
  },
  "results": {
    "num_epochs": 0,
    "train_loss": [
      2.304015874862671,
      2.303105592727661,
      2.3031294345855713,
      2.3029417991638184,
      2.302593469619751,
      2.302802324295044,
      2.302771806716919,
      2.30281662940979,
      2.3026726245880127,
      2.302748441696167,
      2.3027877807617188,
      2.302720546722412,
      2.3027071952819824,
      2.3027260303497314,
      2.302722930908203,
      2.3027265071868896,
      2.302605628967285,
      2.302759885787964,
      2.3026492595672607,
      2.302732229232788,
      2.3026297092437744,
      2.30263090133667,
      2.302689552307129,
      2.302736520767212,
      2.3026514053344727,
      2.3027708530426025,
      2.3025119304656982,
      2.302751064300537,
      2.302732229232788,
      2.3027281761169434,
      2.3027303218841553,
      2.3026175498962402,
      2.302764654159546,
      2.302649736404419,
      2.302614688873291,
      2.3026633262634277,
      2.3027138710021973,
      2.3026700019836426,
      2.3026671409606934,
      2.3026692867279053,
      2.302565336227417,
      2.3026833534240723,
      2.302612066268921,
      2.3026366233825684,
      2.3028244972229004,
      2.3025522232055664,
      2.3026716709136963,
      2.302769184112549,
      2.3026745319366455,
      2.3027117252349854,
      2.3027210235595703,
      2.3026130199432373,
      2.302651882171631,
      2.3025894165039062,
      2.302654981613159,
      2.3025615215301514,
      2.302832841873169,
      2.30254864692688,
      2.3027589321136475,
      2.3026866912841797,
      2.3025782108306885,
      2.302711248397827,
      2.3027122020721436,
      2.3026387691497803,
      2.3027567863464355,
      2.302539825439453,
      2.3027400970458984,
      2.302797794342041,
      2.3026375770568848,
      2.3026294708251953,
      2.3031537532806396,
      2.3028037548065186,
      2.3026182651519775,
      2.30267596244812,
      2.3027403354644775,
      2.302711248397827,
      2.3025662899017334,
      2.302673816680908,
      2.3027560710906982,
      2.3026530742645264,
      2.30271577835083,
      2.302691698074341,
      2.3025522232055664,
      2.302680492401123,
      2.302683115005493,
      2.3026514053344727,
      2.3026437759399414,
      2.3027851581573486,
      2.302741289138794,
      2.3026556968688965,
      2.3026647567749023,
      2.302630662918091,
      2.30271053314209,
      2.302521228790283,
      2.3027091026306152,
      2.302603244781494,
      2.302717447280884,
      2.3026177883148193,
      2.3027517795562744,
      2.3026623725891113
    ],
    "train_acc": [
      9.796875,
      9.9453125,
      9.625,
      9.984375,
      10.609375,
      10.359375,
      9.8203125,
      9.8984375,
      9.84375,
      10.0,
      9.796875,
      10.171875,
      10.296875,
      10.0703125,
      9.890625,
      9.5390625,
      10.1875,
      9.890625,
      10.0078125,
      9.5078125,
      9.8984375,
      10.1484375,
      10.140625,
      9.59375,
      10.0859375,
      9.6796875,
      10.28125,
      9.78125,
      9.7265625,
      9.5625,
      9.765625,
      9.6875,
      9.59375,
      9.765625,
      10.2578125,
      10.0234375,
      9.8203125,
      10.0703125,
      9.765625,
      9.984375,
      10.265625,
      10.2109375,
      10.0703125,
      9.6640625,
      9.671875,
      10.0078125,
      9.7421875,
      9.6484375,
      9.6015625,
      10.234375,
      9.7109375,
      9.7578125,
      10.015625,
      9.8203125,
      9.90625,
      10.0625,
      10.15625,
      10.5078125,
      9.9453125,
      9.46875,
      9.78125,
      9.9375,
      9.640625,
      9.953125,
      9.578125,
      10.4375,
      9.828125,
      9.6875,
      9.765625,
      10.15625,
      9.90625,
      9.5234375,
      10.125,
      10.25,
      9.9375,
      9.9296875,
      9.75,
      9.5859375,
      9.625,
      10.0,
      9.8515625,
      9.8046875,
      10.03125,
      10.2421875,
      9.9765625,
      10.0546875,
      9.6953125,
      10.1015625,
      9.6953125,
      9.6796875,
      10.0390625,
      9.90625,
      9.953125,
      10.2890625,
      9.921875,
      10.2890625,
      9.6015625,
      9.578125,
      9.75,
      9.625
    ],
    "test_loss": [
      2.302924633026123,
      2.303292989730835,
      2.3028759956359863,
      2.3031086921691895,
      2.3035800457000732,
      2.3024933338165283,
      2.3029096126556396,
      2.302870035171509,
      2.3027138710021973,
      2.3028218746185303,
      2.302173137664795,
      2.3026084899902344,
      2.302769660949707,
      2.3027141094207764,
      2.3027963638305664,
      2.302537441253662,
      2.3029913902282715,
      2.302629232406616,
      2.302809000015259,
      2.3027701377868652,
      2.3027000427246094,
      2.302762508392334,
      2.302564859390259,
      2.302602767944336,
      2.302615165710449,
      2.30279541015625,
      2.3028509616851807,
      2.3025271892547607,
      2.302713632583618,
      2.302762269973755,
      2.3025505542755127,
      2.3028206825256348,
      2.302713632583618,
      2.3025314807891846,
      2.3027172088623047,
      2.302700996398926,
      2.302443742752075,
      2.302617073059082,
      2.3026819229125977,
      2.3024275302886963,
      2.302572250366211,
      2.302541494369507,
      2.30252742767334,
      2.302802801132202,
      2.3026394844055176,
      2.3025479316711426,
      2.3025004863739014,
      2.3026387691497803,
      2.3029274940490723,
      2.3025810718536377,
      2.302703380584717,
      2.3024954795837402,
      2.3025615215301514,
      2.302919387817383,
      2.3024721145629883,
      2.302767276763916,
      2.3028547763824463,
      2.3026621341705322,
      2.3025577068328857,
      2.3024470806121826,
      2.3025734424591064,
      2.302872657775879,
      2.3023245334625244,
      2.3026411533355713,
      2.302577018737793,
      2.3027684688568115,
      2.302628517150879,
      2.302546262741089,
      2.302647352218628,
      2.303854465484619,
      2.3029019832611084,
      2.302609920501709,
      2.302600145339966,
      2.302642345428467,
      2.3025832176208496,
      2.302527904510498,
      2.302631378173828,
      2.3026247024536133,
      2.302628993988037,
      2.302625894546509,
      2.3026294708251953,
      2.3027641773223877,
      2.3028042316436768,
      2.302894353866577,
      2.3028018474578857,
      2.3025505542755127,
      2.302661895751953,
      2.302678108215332,
      2.3026390075683594,
      2.3025741577148438,
      2.3026530742645264,
      2.3027000427246094,
      2.302497386932373,
      2.3024652004241943,
      2.302647590637207,
      2.3022079467773438,
      2.3026444911956787,
      2.302614212036133,
      2.3026208877563477,
      2.3026089668273926
    ],