{
  "config": {
    "run_name": "exp1_3",
    "out_dir": "./results",
    "seed": 301093870,
    "device": null,
    "bs_train": 128,
    "bs_test": 32,
    "batches": 100,
    "epochs": 100,
    "early_stopping": 3,
    "checkpoints": null,
    "lr": 0.001,
    "reg": 0.001,
    "filters_per_layer": [
      64,
      128,
      256
    ],
    "pool_every": 4,
    "hidden_dims": [
      100
    ],
    "model_type": "cnn",
    "conv_params": {
      "kernel_size": [
        3,
        3
      ],
      "stride": [
        1,
        1
      ],
      "padding": [
        1,
        1
      ]
    },
    "activation_type": "lrelu",
    "activation_params": {
      "negative_slope": 0.01
    },
    "pooling_type": "avg",
    "pooling_params": {
      "kernel_size": 2
    },
    "batchnorm": true,
    "dropout": 0.1,
    "kw": {},
    "layers_per_block": 2
  },
  "results": {
    "num_epochs": 0,
    "train_loss": [
      2.112995147705078,
      1.8572412729263306,
      1.7188955545425415,
      1.5977071523666382,
      1.4457998275756836,
      1.364189624786377,
      1.2840622663497925,
      1.2203481197357178,
      1.2075870037078857,
      1.1289886236190796,
      1.1029413938522339,
      1.0612914562225342,
      1.0194079875946045,
      1.001057505607605,
      0.9841657280921936,
      0.9670934677124023,
      0.9404508471488953,
      0.9176570773124695,
      0.8838070631027222,
      0.878937304019928,
      0.8652814030647278,
      0.8249881267547607,
      0.8085527420043945,
      0.8014978766441345,
      0.7744028568267822,
      0.7570447325706482,
      0.7467692494392395,
      0.7206233739852905,
      0.7086939215660095,
      0.6879540681838989,
      0.6668566465377808,
      0.6613835096359253,
      0.6401721835136414,
      0.6273260116577148,
      0.6097933053970337,
      0.6042848825454712,
      0.5711135268211365,
      0.5884722471237183,
      0.5527293086051941,
      0.5562829971313477,
      0.5311150550842285,
      0.5127617120742798,
      0.5055311322212219,
      0.47901564836502075,
      0.48317599296569824,
      0.469740629196167,
      0.45216354727745056,
      0.44839248061180115,
      0.4447682201862335,
      0.4260704219341278,
      0.43382880091667175,
      0.4002722501754761,
      0.3967180550098419,
      0.3939582109451294,
      0.36795347929000854,
      0.36365678906440735,
      0.35258516669273376,
      0.35660621523857117,
      0.3579297661781311,
      0.329192191362381,
      0.33997929096221924,
      0.3114112615585327,
      0.3106321394443512,
      0.3075263202190399,
      0.3067103922367096,
      0.2762652039527893,
      0.29909414052963257,
      0.2849544882774353,
      0.27700185775756836,
      0.2759380638599396,
      0.2736879587173462,
      0.28480419516563416,
      0.25242069363594055,
      0.2502194344997406,
      0.26546671986579895,
      0.2395305037498474,
      0.24190036952495575,
      0.2315637171268463,
      0.24694764614105225,
      0.2379090040922165,
      0.22645163536071777,
      0.24656148254871368,
      0.23497538268566132,
      0.22425244748592377,
      0.21157723665237427,
      0.22253182530403137,
      0.19956815242767334,
      0.2016686052083969,
      0.22825674712657928,
      0.21579891443252563,
      0.20804065465927124,
      0.19478675723075867,
      0.19234782457351685,
      0.20126336812973022,
      0.20330636203289032,
      0.19427430629730225,
      0.20000770688056946,
      0.19571830332279205,
      0.1996622234582901,
      0.18158197402954102
    ],
    "train_acc": [
      20.4765625,
      31.515625,
      36.953125,
      40.890625,
      47.15625,
      50.5703125,
      53.8515625,
      56.34375,
      56.8984375,
      59.484375,
      61.0078125,
      62.234375,
      63.7265625,
      64.5390625,
      64.8046875,
      65.7578125,
      66.6484375,
      67.6953125,
      68.15625,
      69.0390625,
      69.25,
      71.1015625,
      71.4765625,
      71.515625,
      72.828125,
      73.34375,
      73.484375,
      74.65625,
      74.953125,
      75.6171875,
      76.7734375,
      76.890625,
      77.5703125,
      78.15625,
      78.3359375,
      78.2421875,
      79.7734375,
      79.234375,
      80.4296875,
      80.5625,
      81.8046875,
      81.8359375,
      82.0703125,
      83.3828125,
      83.3046875,
      83.7109375,
      84.46875,
      84.390625,
      84.5078125,
      85.1796875,
      85.1875,
      86.0078125,
      86.3828125,
      86.640625,
      87.2109375,
      87.46875,
      87.625,
      87.5859375,
      87.5625,
      88.703125,
      88.203125,
      89.2421875,
      89.2109375,
      89.171875,
      89.2421875,
      90.7890625,
      89.734375,
      90.0703125,
      90.359375,
      90.59375,
      90.46875,
      90.21875,
      91.3828125,
      91.546875,
      90.890625,
      91.7734375,
      91.6953125,
      91.9375,
      91.6875,
      91.65625,
      92.171875,
      90.9140625,
      92.078125,
      92.375,
      92.6640625,
      92.3203125,
      93.0546875,
      92.9765625,
      92.03125,
      92.7890625,
      92.84375,
      93.4296875,
      93.390625,
      93.15625,
      93.046875,
      93.203125,
      93.2421875,
      93.1484375,
      93.1796875,
      93.6953125
    ],
    "test_loss": [
      1.9231492280960083,
      1.8448933362960815,
      1.6830109357833862,
      1.47733736038208,
      1.3811023235321045,
      1.3949657678604126,
      1.2496774196624756,
      1.2153050899505615,
      1.2037014961242676,
      1.1718268394470215,
      1.1162879467010498,
      1.1014841794967651,
      1.1019381284713745,
      1.0760655403137207,
      1.0662236213684082,
      1.098071813583374,
      0.9935348033905029,
      1.0127277374267578,
      0.9610247611999512,
      1.0126873254776,
      0.9491474032402039,
      0.9903542399406433,
      0.9583894610404968,
      0.9380958080291748,
      0.9267277121543884,
      0.9592547416687012,
      0.9389837980270386,
      0.9857742786407471,
      0.9266130328178406,
      0.9411437511444092,
      0.959041953086853,
      0.9452619552612305,
      0.9935497641563416,
      0.8919953107833862,
      0.9671478867530823,
      0.9440984725952148,
      0.9754654765129089,
      0.9112980961799622,
      0.9890671372413635,
      0.9436293840408325,
      0.9669947028160095,
      0.9940478801727295,
      0.9869905114173889,
      1.0212122201919556,
      0.9495047330856323,
      1.0086026191711426,
      1.0719681978225708,
      1.022800326347351,
      1.0533828735351562,
      1.0436745882034302,
      1.014976978302002,
      1.1400820016860962,
      1.0709847211837769,
      1.024510383605957,
      1.1786210536956787,
      1.121064305305481,
      1.0542296171188354,
      1.1311637163162231,
      1.1531070470809937,
      1.1262786388397217,
      1.1307260990142822,
      1.2056199312210083,
      1.1467951536178589,
      1.1924055814743042,
      1.2024770975112915,
      1.233310341835022,
      1.1689189672470093,
      1.3244355916976929,
      1.3535957336425781,
      1.2965706586837769,
      1.3406442403793335,
      1.2570043802261353,
      1.2458168268203735,
      1.316599726676941,
      1.2075554132461548,
      1.3355544805526733,
      1.3666713237762451,
      1.2807891368865967,
      1.3622245788574219,
      1.2859270572662354,
      1.2909632921218872,
      1.3755302429199219,
      1.3344618082046509,
      1.2680959701538086,
      1.366551160812378,
      1.3570590019226074,
      1.4601353406906128,
      1.4560606479644775,
      1.3430546522140503,
      1.3762736320495605,
      1.358023762702942,
      1.3634185791015625,
      1.366671085357666,
      1.3878724575042725,
      1.3761999607086182,
      1.3511455059051514,
      1.3546433448791504,
      1.4146209955215454,
      1.507225751876831,
      1.4164949655532837
    ],