{
  "config": {
    "run_name": "exp1_4",
    "out_dir": "./results",
    "seed": 1260834043,
    "device": null,
    "bs_train": 128,
    "bs_test": 32,
    "batches": 100,
    "epochs": 100,
    "early_stopping": 3,
    "checkpoints": null,
    "lr": 0.001,
    "reg": 0.001,
    "filters_per_layer": [
      32
    ],
    "pool_every": 4,
    "hidden_dims": [
      100
    ],
    "model_type": "cnn",
    "conv_params": {
      "kernel_size": [
        3,
        3
      ],
      "stride": [
        1,
        1
      ],
      "padding": [
        1,
        1
      ]
    },
    "activation_type": "lrelu",
    "activation_params": {
      "negative_slope": 0.01
    },
    "pooling_type": "avg",
    "pooling_params": {
      "kernel_size": 2
    },
    "batchnorm": true,
    "dropout": 0.1,
    "kw": {},
    "layers_per_block": 16
  },
  "results": {
    "num_epochs": 0,
    "train_loss": [
      2.3034961223602295,
      2.302626609802246,
      2.3028290271759033,
      2.3028955459594727,
      2.3029282093048096,
      2.3027353286743164,
      2.3025131225585938,
      2.3028769493103027,
      2.3026909828186035,
      2.302840232849121,
      2.302825689315796,
      2.302609443664551,
      2.302825450897217,
      2.3026654720306396,
      2.3027830123901367,
      2.302793502807617,
      2.302678346633911,
      2.302541494369507,
      2.302797317504883,
      2.3026280403137207,
      2.302664279937744,
      2.302736520767212,
      2.302631139755249,
      2.3025691509246826,
      2.302551031112671,
      2.3026788234710693,
      2.302678108215332,
      2.3026466369628906,
      2.3027336597442627,
      2.3027210235595703,
      2.302706003189087,
      2.3026280403137207,
      2.3026890754699707,
      2.3026645183563232,
      2.30273699760437,
      2.302652597427368,
      2.3025879859924316,
      2.3027992248535156,
      2.302642583847046,
      2.302633047103882,
      2.3027260303497314,
      2.3026440143585205,
      2.302626848220825,
      2.302621603012085,
      2.3026695251464844,
      2.3026933670043945,
      2.3027284145355225,
      2.3026483058929443,
      2.302640199661255,
      2.302698850631714,
      2.3027682304382324,
      2.302680253982544,
      2.3027184009552,
      2.302638530731201,
      2.3024957180023193,
      2.302712917327881,
      2.302499532699585,
      2.3027045726776123,
      2.3027663230895996,
      2.3026585578918457,
      2.302671432495117,
      2.302783727645874,
      2.302623987197876,
      2.3025739192962646,
      2.3026092052459717,
      2.302694082260132,
      2.3025407791137695,
      2.302626609802246,
      2.302881956100464,
      2.3026137351989746,
      2.3027780055999756,
      2.302628517150879,
      2.302678108215332,
      2.302764892578125,
      2.3025805950164795,
      2.3027169704437256,
      2.3025243282318115,
      2.302730083465576,
      2.3027217388153076,
      2.3026742935180664,
      2.3025805950164795,
      2.302591323852539,
      2.3025598526000977,
      2.3027613162994385,
      2.3024587631225586,
      2.302650213241577,
      2.302706241607666,
      2.302760124206543,
      2.3027267456054688,
      2.302661180496216,
      2.302560806274414,
      2.3027915954589844,
      2.302659749984741,
      2.3026700019836426,
      2.302664041519165,
      2.3026211261749268,
      2.30263352394104,
      2.3026814460754395,
      2.3026106357574463,
      2.3026490211486816
    ],
    "train_acc": [
      10.2578125,
      9.96875,
      9.8984375,
      10.0625,
      9.46875,
      10.0546875,
      10.5234375,
      10.34375,
      9.9453125,
      9.859375,
      9.6796875,
      9.8203125,
      9.7109375,
      10.234375,
      10.0234375,
      9.6328125,
      9.59375,
      10.171875,
      9.7578125,
      10.375,
      10.046875,
      9.859375,
      10.1796875,
      9.6953125,
      10.1796875,
      9.640625,
      10.140625,
      10.015625,
      9.96875,
      9.78125,
      9.703125,
      10.171875,
      10.2109375,
      9.9453125,
      9.7578125,
      9.359375,
      10.21875,
      9.90625,
      9.828125,
      10.0859375,
      9.7578125,
      9.875,
      10.09375,
      9.859375,
      9.8203125,
      9.6640625,
      9.4453125,
      9.9609375,
      10.1640625,
      9.6796875,
      9.671875,
      9.5703125,
      9.828125,
      9.59375,
      10.1640625,
      9.9921875,
      10.4453125,
      9.9375,
      9.6875,
      9.71875,
      10.09375,
      9.203125,
      10.2109375,
      10.1640625,
      10.2578125,
      10.015625,
      10.3515625,
      10.328125,
      9.7109375,
      10.0,
      9.796875,
      10.09375,
      9.9453125,
      10.1796875,
      9.875,
      9.640625,
      10.2734375,
      9.59375,
      9.8359375,
      10.125,
      10.3046875,
      10.21875,
      9.65625,
      10.0,
      10.4609375,
      10.328125,
      9.96875,
      10.1171875,
      9.7109375,
      9.8984375,
      9.8515625,
      9.7734375,
      9.59375,
      9.75,
      10.140625,
      10.28125,
      9.875,
      9.9140625,
      9.9921875,
      9.8046875
    ],
    "test_loss": [
      2.3032422065734863,
      2.3029277324676514,
      2.302541494369507,
      2.302711248397827,
      2.3024747371673584,
      2.302804470062256,
      2.302475690841675,
      2.3028430938720703,
      2.302676200866699,
      2.302417516708374,
      2.302718162536621,
      2.302708387374878,
      2.302493095397949,
      2.3027477264404297,
      2.3026251792907715,
      2.3026864528656006,
      2.30245041847229,
      2.302532196044922,
      2.3025736808776855,
      2.302776336669922,
      2.3024957180023193,
      2.3028738498687744,
      2.3025424480438232,
      2.3024890422821045,
      2.3028740882873535,
      2.3025975227355957,
      2.302617073059082,
      2.302492380142212,
      2.3023908138275146,
      2.302629232406616,
      2.3025834560394287,
      2.3024113178253174,
      2.3026630878448486,
      2.302572011947632,
      2.3026371002197266,
      2.3025407791137695,
      2.3025662899017334,
      2.3026528358459473,
      2.3027799129486084,
      2.3027167320251465,
      2.3025124073028564,
      2.302600383758545,
      2.302582025527954,
      2.3025474548339844,
      2.3029773235321045,
      2.302849292755127,
      2.302582263946533,
      2.3025310039520264,
      2.3025217056274414,
      2.302309989929199,
      2.302539110183716,
      2.3026671409606934,
      2.302610158920288,
      2.302643299102783,
      2.3025963306427,
      2.302589178085327,
      2.302767753601074,
      2.302522659301758,
      2.3028314113616943,
      2.302666187286377,
      2.3026583194732666,
      2.3026270866394043,
      2.302467107772827,
      2.302804470062256,
      2.3022964000701904,
      2.302656412124634,
      2.3022468090057373,
      2.302783489227295,
      2.302379846572876,
      2.3028106689453125,
      2.302628755569458,
      2.302823305130005,
      2.302600860595703,
      2.302724599838257,
      2.3026978969573975,
      2.302727699279785,
      2.302915334701538,
      2.3029425144195557,
      2.3026199340820312,
      2.302598476409912,
      2.302854061126709,
      2.3025805950164795,
      2.302293062210083,
      2.3026015758514404,
      2.303171157836914,
      2.302635431289673,
      2.3025853633880615,
      2.3026771545410156,
      2.3025801181793213,
      2.3026154041290283,
      2.302457332611084,
      2.302544116973877,
      2.3027641773223877,
      2.302724599838257,
      2.3026340007781982,
      2.30281925201416,
      2.302485942840576,
      2.302912950515747,
      2.3025949001312256,
      2.3029019832611084
    ],