{
  "config": {
    "run_name": "test",
    "out_dir": "./results",
    "seed": 834852745,
    "device": null,
    "bs_train": 128,
    "bs_test": 32,
    "batches": 100,
    "epochs": 100,
    "early_stopping": 3,
    "checkpoints": null,
    "lr": 0.001,
    "reg": 0.001,
    "filters_per_layer": [
      128
    ],
    "pool_every": 4,
    "hidden_dims": [
      100
    ],
    "model_type": "cnn",
    "conv_params": {
      "kernel_size": [
        3,
        3
      ],
      "stride": [
        1,
        1
      ],
      "padding": [
        1,
        1
      ]
    },
    "activation_type": "lrelu",
    "activation_params": {
      "negative_slope": 0.01
    },
    "pooling_type": "avg",
    "pooling_params": {
      "kernel_size": 2
    },
    "batchnorm": true,
    "dropout": 0.1,
    "kw": {},
    "layers_per_block": 8
  },
  "results": {
    "num_epochs": 0,
    "train_loss": [
      2.3035809993743896,
      2.3033883571624756,
      2.3027522563934326,
      2.3026697635650635,
      2.302778959274292,
      2.3029441833496094,
      2.3027467727661133,
      2.3027782440185547,
      2.3028464317321777,
      2.3027350902557373,
      2.3026678562164307,
      2.302896499633789,
      2.302734375,
      2.3026747703552246,
      2.3028581142425537,
      2.3026862144470215,
      2.3025872707366943,
      2.302713632583618,
      2.3026931285858154,
      2.302600145339966,
      2.3027377128601074,
      2.302708864212036,
      2.302617073059082,
      2.302668571472168,
      2.3027617931365967,
      2.302645206451416,
      2.3025760650634766,
      2.302616596221924,
      2.3027870655059814,
      2.3027403354644775,
      2.3026387691497803,
      2.3026785850524902,
      2.302640914916992,
      2.3026726245880127,
      2.3027238845825195,
      2.302659034729004,
      2.302633047103882,
      2.3026773929595947,
      2.3026034832000732,
      2.3026974201202393,
      2.302625894546509,
      2.3026492595672607,
      2.302690267562866,
      2.302670955657959,
      2.3027122020721436,
      2.3027732372283936,
      2.3026466369628906,
      2.3026726245880127,
      2.3025784492492676,
      2.3026700019836426,
      2.3027114868164062,
      2.302849531173706,
      2.302762746810913,
      2.3025925159454346,
      2.302833080291748,
      2.302626371383667,
      2.3026795387268066,
      2.3026883602142334,
      2.3026764392852783,
      2.3026254177093506,
      2.3026843070983887,
      2.30264949798584,
      2.3025665283203125,
      2.3025870323181152,
      2.302692413330078,
      2.3027000427246094,
      2.3026158809661865,
      2.3026673793792725,
      2.3026907444000244,
      2.30263614654541,
      2.3026833534240723,
      2.302664041519165,
      2.302733898162842,
      2.302635669708252,
      2.302630662918091,
      2.3025784492492676,
      2.3027567863464355,
      2.3026180267333984,
      2.302551507949829,
      2.3026201725006104,
      2.3027455806732178,
      2.3028337955474854,
      2.3028504848480225,
      2.302677869796753,
      2.302699089050293,
      2.3025283813476562,
      2.3027782440185547,
      2.3025782108306885,
      2.3026814460754395,
      2.302448272705078,
      2.302748918533325,
      2.3026535511016846,
      2.302600860595703,
      2.302748441696167,
      2.30267071723938,
      2.3026511669158936,
      2.302706003189087,
      2.3026444911956787,
      2.3025214672088623,
      2.3027713298797607
    ],
    "train_acc": [
      9.859375,
      9.8828125,
      10.21875,
      10.046875,
      10.09375,
      9.890625,
      9.8359375,
      9.8671875,
      9.6015625,
      9.9765625,
      10.2265625,
      9.8984375,
      10.1171875,
      10.046875,
      9.5546875,
      10.109375,
      10.234375,
      10.078125,
      10.1484375,
      10.1015625,
      9.875,
      9.453125,
      9.890625,
      10.21875,
      9.90625,
      10.1484375,
      10.46875,
      10.1640625,
      9.875,
      9.546875,
      10.109375,
      9.7421875,
      10.140625,
      9.625,
      9.8515625,
      9.65625,
      9.9765625,
      10.0703125,
      10.4765625,
      9.84375,
      10.1796875,
      9.8125,
      9.4296875,
      9.7421875,
      9.8125,
      9.8046875,
      10.0546875,
      9.9140625,
      9.8515625,
      9.8671875,
      10.2265625,
      9.828125,
      10.046875,
      10.234375,
      9.609375,
      9.703125,
      9.9140625,
      9.9609375,
      9.8125,
      9.9375,
      9.859375,
      10.0859375,
      9.8046875,
      9.9765625,
      9.859375,
      9.8984375,
      9.5390625,
      10.2421875,
      10.0859375,
      9.8515625,
      9.9765625,
      10.03125,
      9.7890625,
      10.1953125,
      9.75,
      9.6171875,
      9.6875,
      10.0546875,
      10.359375,
      10.0625,
      10.2578125,
      10.40625,
      10.25,
      9.65625,
      9.8359375,
      10.0,
      9.7421875,
      10.0390625,
      9.953125,
      10.3046875,
      9.96875,
      9.8671875,
      10.21875,
      10.078125,
      9.8046875,
      9.78125,
      9.8984375,
      10.1953125,
      10.015625,
      9.625
    ],
    "test_loss": [
      2.303464651107788,
      2.302743434906006,
      2.3030858039855957,
      2.302778720855713,
      2.303093671798706,
      2.302746534347534,
      2.302549362182617,
      2.3026535511016846,
      2.302633285522461,
      2.3027098178863525,
      2.302722692489624,
      2.3026695251464844,
      2.3024251461029053,
      2.3026182651519775,
      2.3026554584503174,
      2.302608013153076,
      2.3025546073913574,
      2.3025479316711426,
      2.302649974822998,
      2.3026394844055176,
      2.3026857376098633,
      2.302696704864502,
      2.3029415607452393,
      2.3026845455169678,
      2.3026692867279053,
      2.3025357723236084,
      2.302610158920288,
      2.302593231201172,
      2.3025829792022705,
      2.3025426864624023,
      2.3026466369628906,
      2.302764415740967,
      2.302694082260132,
      2.3027124404907227,
      2.30283784866333,
      2.3025588989257812,
      2.3024656772613525,
      2.302720069885254,
      2.3024542331695557,
      2.302659511566162,
      2.302691698074341,
      2.3027091026306152,
      2.3027901649475098,
      2.3026106357574463,
      2.302548885345459,
      2.302581548690796,
      2.302647352218628,
      2.302557945251465,
      2.3024814128875732,
      2.3026750087738037,
      2.3026857376098633,
      2.3027429580688477,
      2.302473783493042,
      2.302058696746826,
      2.302563190460205,
      2.3023855686187744,
      2.3026115894317627,
      2.302767038345337,
      2.3024184703826904,
      2.302635669708252,
      2.3026576042175293,
      2.302694797515869,
      2.302643299102783,
      2.302471876144409,
      2.302546501159668,
      2.302696704864502,
      2.302595376968384,
      2.30254864692688,
      2.3027184009552,
      2.3025918006896973,
      2.3026442527770996,
      2.3028128147125244,
      2.302468776702881,
      2.302546262741089,
      2.3026111125946045,
      2.3026809692382812,
      2.3024168014526367,
      2.3027119636535645,
      2.302600860595703,
      2.302870512008667,
      2.3028204441070557,
      2.302950382232666,
      2.302274227142334,
      2.3025424480438232,
      2.3027641773223877,
      2.302631139755249,
      2.3026294708251953,
      2.302957057952881,
      2.3025989532470703,
      2.302417039871216,
      2.302746295928955,
      2.302598476409912,
      2.3026700019836426,
      2.30246901512146,
      2.30271315574646,
      2.3026058673858643,
      2.3026320934295654,
      2.302623987197876,
      2.3028523921966553,
      2.302555561065674
    ],