{
  "config": {
    "run_name": "test",
    "out_dir": "./results",
    "seed": 624879248,
    "device": null,
    "bs_train": 128,
    "bs_test": 32,
    "batches": 100,
    "epochs": 100,
    "early_stopping": 3,
    "checkpoints": null,
    "lr": 0.001,
    "reg": 0.001,
    "filters_per_layer": [
      256
    ],
    "pool_every": 4,
    "hidden_dims": [
      100
    ],
    "model_type": "cnn",
    "conv_params": {
      "kernel_size": [
        3,
        3
      ],
      "stride": [
        1,
        1
      ],
      "padding": [
        1,
        1
      ]
    },
    "activation_type": "lrelu",
    "activation_params": {
      "negative_slope": 0.01
    },
    "pooling_type": "avg",
    "pooling_params": {
      "kernel_size": 2
    },
    "batchnorm": true,
    "dropout": 0.1,
    "kw": {},
    "layers_per_block": 4
  },
  "results": {
    "num_epochs": 0,
    "train_loss": [
      1.9952077865600586,
      1.6136423349380493,
      1.4168611764907837,
      1.3139922618865967,
      1.243394136428833,
      1.1726652383804321,
      1.1228703260421753,
      1.078980565071106,
      1.038411021232605,
      0.9851610064506531,
      0.9634817838668823,
      0.906329333782196,
      0.8713011741638184,
      0.8209635019302368,
      0.8036677241325378,
      0.771125078201294,
      0.7469338774681091,
      0.7250077724456787,
      0.6956634521484375,
      0.669999897480011,
      0.6464723944664001,
      0.6232840418815613,
      0.6043481826782227,
      0.5980235934257507,
      0.5662692785263062,
      0.5470232367515564,
      0.5364540219306946,
      0.5256237387657166,
      0.4946584105491638,
      0.4785098135471344,
      0.4672853350639343,
      0.4571371376514435,
      0.42460665106773376,
      0.41530829668045044,
      0.41095197200775146,
      0.392782598733902,
      0.37697622179985046,
      0.37365302443504333,
      0.3586241900920868,
      0.36592885851860046,
      0.3460642099380493,
      0.32986992597579956,
      0.32555392384529114,
      0.312433660030365,
      0.30281829833984375,
      0.2962879240512848,
      0.2991432249546051,
      0.282013475894928,
      0.28238552808761597,
      0.2814430296421051,
      0.27866131067276,
      0.25800758600234985,
      0.2575088143348694,
      0.2602942883968353,
      0.25584450364112854,
      0.2512090802192688,
      0.24008165299892426,
      0.23050084710121155,
      0.23280225694179535,
      0.24214957654476166,
      0.2244747430086136,
      0.21979302167892456,
      0.23421607911586761,
      0.20516201853752136,
      0.20869256556034088,
      0.21768991649150848,
      0.2042158991098404,
      0.2156047224998474,
      0.20524291694164276,
      0.20170806348323822,
      0.20642487704753876,
      0.21092650294303894,
      0.19453199207782745,
      0.2031754106283188,
      0.19090913236141205,
      0.20081022381782532,
      0.19322341680526733,
      0.17681153118610382,
      0.19526804983615875,
      0.19588281214237213,
      0.1963665932416916,
      0.191880464553833,
      0.18489591777324677,
      0.18462829291820526,
      0.16946348547935486,
      0.17685604095458984,
      0.18432839214801788,
      0.1844567060470581,
      0.17848151922225952,
      0.17623461782932281,
      0.18235164880752563,
      0.16524609923362732,
      0.17261773347854614,
      0.17756181955337524,
      0.15869072079658508,
      0.16644717752933502,
      0.17723996937274933,
      0.175733283162117,
      0.1656000316143036,
      0.1743917018175125
    ],
    "train_acc": [
      27.046875,
      41.0546875,
      48.6328125,
      52.4609375,
      55.3515625,
      58.0703125,
      60.2109375,
      62.3203125,
      63.5390625,
      65.3046875,
      65.71875,
      68.0546875,
      69.5078125,
      71.390625,
      71.7421875,
      73.2421875,
      73.875,
      75.1953125,
      75.953125,
      76.9765625,
      77.8046875,
      78.8828125,
      79.0703125,
      79.328125,
      80.4453125,
      81.15625,
      81.4609375,
      81.8515625,
      83.3125,
      83.5078125,
      83.9921875,
      84.3515625,
      85.8125,
      85.9296875,
      86.203125,
      86.71875,
      87.203125,
      87.375,
      87.890625,
      87.1015625,
      88.6328125,
      88.8125,
      89.21875,
      89.5546875,
      89.625,
      90.2421875,
      89.90625,
      90.84375,
      90.484375,
      90.5703125,
      90.6640625,
      91.28125,
      91.1796875,
      91.0625,
      91.2734375,
      91.34375,
      92.359375,
      92.5234375,
      92.390625,
      91.96875,
      92.5390625,
      92.4375,
      92.265625,
      93.2421875,
      93.203125,
      92.5,
      93.3515625,
      92.671875,
      93.1640625,
      93.2734375,
      92.9375,
      92.703125,
      93.3984375,
      93.0859375,
      93.5625,
      93.484375,
      93.515625,
      94.1328125,
      93.2734375,
      93.46875,
      93.3125,
      93.5859375,
      93.8359375,
      93.8046875,
      94.28125,
      94.203125,
      93.7421875,
      93.6484375,
      93.984375,
      94.203125,
      93.8125,
      94.5546875,
      94.0234375,
      94.1484375,
      94.9765625,
      94.4140625,
      93.859375,
      94.1484375,
      94.6171875,
      93.890625
    ],
    "test_loss": [
      1.6824009418487549,
      1.49056077003479,
      1.325575590133667,
      1.252350091934204,
      1.3394138813018799,
      1.249226450920105,
      1.188948154449463,
      1.1190153360366821,
      1.1660293340682983,
      1.0252172946929932,
      1.0636811256408691,
      1.050360918045044,
      0.9728151559829712,
      0.9855371117591858,
      0.9615098834037781,
      0.9394275546073914,
      0.9700116515159607,
      0.9414721727371216,
      0.9523276090621948,
      0.9706442952156067,
      0.9182101488113403,
      0.9113355278968811,
      0.9444002509117126,
      0.9679563045501709,
      0.9984506964683533,
      0.9044513702392578,
      0.9137876629829407,
      0.9065328240394592,
      0.888261079788208,
      0.9594915509223938,
      0.9454785585403442,
      0.9636439085006714,
      0.9170214533805847,
      0.9619160294532776,
      0.9607948660850525,
      0.9740015268325806,
      1.056679606437683,
      1.0207083225250244,
      1.0416083335876465,
      0.9405757188796997,
      0.9567937254905701,
      0.995858371257782,
      1.0291417837142944,
      0.9751718640327454,
      1.0159168243408203,
      1.0892494916915894,
      1.0549051761627197,
      1.125980019569397,
      1.1110583543777466,
      1.0898808240890503,
      1.0702012777328491,
      1.144097089767456,
      1.136980652809143,
      1.1334242820739746,
      1.185053825378418,
      1.1576706171035767,
      1.156961441040039,
      1.1416606903076172,
      1.2333054542541504,
      1.2039873600006104,
      1.229461431503296,
      1.1759140491485596,
      1.1884119510650635,
      1.2026115655899048,
      1.2969143390655518,
      1.2066131830215454,
      1.1492427587509155,
      1.2481359243392944,
      1.1998708248138428,
      1.3001689910888672,
      1.2378544807434082,
      1.1971505880355835,
      1.1660313606262207,
      1.1433123350143433,
      1.3048269748687744,
      1.2831467390060425,
      1.1750198602676392,
      1.3112363815307617,
      1.1214263439178467,
      1.203886866569519,
      1.2146878242492676,
      1.241645336151123,
      1.2576794624328613,
      1.2812241315841675,
      1.2613410949707031,
      1.286083459854126,
      1.291630506515503,
      1.2594211101531982,
      1.2864725589752197,
      1.2832423448562622,
      1.21665358543396,
      1.327877163887024,
      1.2451512813568115,
      1.2470483779907227,
      1.329377293586731,
      1.3731157779693604,
      1.2940571308135986,
      1.2581655979156494,
      1.3979865312576294,
      1.308849811553955
    ],