{
  "config": {
    "run_name": "exp1_4",
    "out_dir": "./results",
    "seed": 82674914,
    "device": null,
    "bs_train": 128,
    "bs_test": 32,
    "batches": 100,
    "epochs": 100,
    "early_stopping": 3,
    "checkpoints": null,
    "lr": 0.001,
    "reg": 0.001,
    "filters_per_layer": [
      64,
      128,
      256
    ],
    "pool_every": 4,
    "hidden_dims": [
      100
    ],
    "model_type": "cnn",
    "conv_params": {
      "kernel_size": [
        3,
        3
      ],
      "stride": [
        1,
        1
      ],
      "padding": [
        1,
        1
      ]
    },
    "activation_type": "lrelu",
    "activation_params": {
      "negative_slope": 0.01
    },
    "pooling_type": "avg",
    "pooling_params": {
      "kernel_size": 2
    },
    "batchnorm": true,
    "dropout": 0.1,
    "kw": {},
    "layers_per_block": 4
  },
  "results": {
    "num_epochs": 0,
    "train_loss": [
      2.303300380706787,
      2.3041887283325195,
      2.3027217388153076,
      2.302886962890625,
      2.3028666973114014,
      2.302665948867798,
      2.302811622619629,
      2.302628755569458,
      2.302743434906006,
      2.3027150630950928,
      2.302700996398926,
      2.302730083465576,
      2.3026514053344727,
      2.302783250808716,
      2.302748918533325,
      2.3027429580688477,
      2.3026394844055176,
      2.3026645183563232,
      2.3027586936950684,
      2.302691698074341,
      2.3027188777923584,
      2.302755117416382,
      2.302694797515869,
      2.302747964859009,
      2.302682399749756,
      2.3026394844055176,
      2.302625894546509,
      2.302773952484131,
      2.3026039600372314,
      2.3026628494262695,
      2.302649974822998,
      2.302886724472046,
      2.302757740020752,
      2.3026866912841797,
      2.3026580810546875,
      2.3026626110076904,
      2.3026504516601562,
      2.302668809890747,
      2.302727699279785,
      2.302617073059082,
      2.302618980407715,
      2.3027665615081787,
      2.3025715351104736,
      2.3027455806732178,
      2.3027172088623047,
      2.302644729614258,
      2.3025882244110107,
      2.302557945251465,
      2.302629232406616,
      2.3027853965759277,
      2.3026766777038574,
      2.302661418914795,
      2.3025765419006348,
      2.3026649951934814,
      2.302546739578247,
      2.302607297897339,
      2.302671194076538,
      2.3025903701782227,
      2.3026585578918457,
      2.3025894165039062,
      2.3026793003082275,
      2.3026459217071533,
      2.3027873039245605,
      2.302741050720215,
      2.3027875423431396,
      2.302691698074341,
      2.302739381790161,
      2.3027358055114746,
      2.3027327060699463,
      2.30264949798584,
      2.3027024269104004,
      2.3027126789093018,
      2.302651882171631,
      2.302619457244873,
      2.302713632583618,
      2.302673101425171,
      2.302631378173828,
      2.302729845046997,
      2.302685260772705,
      2.302513837814331,
      2.30263614654541,
      2.3026764392852783,
      2.3026833534240723,
      2.3027477264404297,
      2.302630662918091,
      2.3026764392852783,
      2.3026394844055176,
      2.302624225616455,
      2.3026821613311768,
      2.3027985095977783,
      2.302649736404419,
      2.302682399749756,
      2.3025565147399902,
      2.3025929927825928,
      2.3026368618011475,
      2.302654981613159,
      2.302656412124634,
      2.3028972148895264,
      2.302720069885254,
      2.302640914916992
    ],
    "train_acc": [
      10.078125,
      9.734375,
      10.21875,
      9.9921875,
      9.7734375,
      9.96875,
      9.9140625,
      9.828125,
      10.375,
      9.921875,
      9.8125,
      9.7578125,
      9.9375,
      9.9765625,
      10.03125,
      9.6484375,
      9.4296875,
      9.796875,
      9.8046875,
      9.9609375,
      10.0859375,
      9.671875,
      9.9765625,
      9.328125,
      10.1015625,
      9.7734375,
      9.828125,
      9.53125,
      9.7265625,
      10.0078125,
      9.9609375,
      9.734375,
      9.796875,
      9.90625,
      9.8671875,
      10.359375,
      10.0390625,
      10.0,
      9.859375,
      10.4765625,
      10.4453125,
      9.6484375,
      10.140625,
      10.1484375,
      9.9140625,
      10.171875,
      9.7890625,
      9.9296875,
      9.8671875,
      10.0078125,
      9.859375,
      9.5,
      10.390625,
      9.90625,
      10.2890625,
      10.4375,
      10.3203125,
      10.15625,
      9.8984375,
      9.75,
      9.9140625,
      10.5,
      9.9375,
      9.9453125,
      9.59375,
      10.171875,
      9.6953125,
      9.8515625,
      9.671875,
      10.0390625,
      9.8359375,
      9.96875,
      9.8515625,
      10.0,
      9.71875,
      9.703125,
      9.953125,
      9.5390625,
      9.640625,
      10.140625,
      9.3984375,
      9.953125,
      9.7578125,
      9.9140625,
      9.6796875,
      10.0625,
      10.1640625,
      10.3203125,
      10.109375,
      9.671875,
      10.0703125,
      9.921875,
      10.25,
      10.2265625,
      10.1171875,
      10.0546875,
      10.0390625,
      9.7578125,
      10.0625,
      10.1015625
    ],
    "test_loss": [
      2.302703857421875,
      2.303145408630371,
      2.3026273250579834,
      2.302497625350952,
      2.3027610778808594,
      2.3027944564819336,
      2.302647113800049,
      2.3026387691497803,
      2.302595376968384,
      2.302879810333252,
      2.30265474319458,
      2.302591562271118,
      2.3022172451019287,
      2.302741765975952,
      2.302488327026367,
      2.302705764770508,
      2.302245855331421,
      2.3024682998657227,
      2.3025949001312256,
      2.302713632583618,
      2.302940607070923,
      2.3025946617126465,
      2.3023903369903564,
      2.302546739578247,
      2.3027503490448,
      2.302532196044922,
      2.302842617034912,
      2.3026633262634277,
      2.302546739578247,
      2.3026175498962402,
      2.302459955215454,
      2.303069829940796,
      2.3025736808776855,
      2.3025991916656494,
      2.302635669708252,
      2.3023669719696045,
      2.3025784492492676,
      2.302354574203491,
      2.3025014400482178,
      2.302647590637207,
      2.302825689315796,
      2.3027374744415283,
      2.3026187419891357,
      2.302504777908325,
      2.3025972843170166,
      2.302506446838379,
      2.302544116973877,
      2.302335262298584,
      2.3026678562164307,
      2.302562952041626,
      2.302757978439331,
      2.302675485610962,
      2.3027687072753906,
      2.3024590015411377,
      2.3027799129486084,
      2.302884817123413,
      2.3026249408721924,
      2.3028345108032227,
      2.302703380584717,
      2.3026113510131836,
      2.3027937412261963,
      2.302682876586914,
      2.302656412124634,
      2.3025872707366943,
      2.3027396202087402,
      2.3023855686187744,
      2.3025667667388916,
      2.302391290664673,
      2.302543878555298,
      2.302581548690796,
      2.30253267288208,
      2.302680253982544,
      2.3025975227355957,
      2.302504062652588,
      2.3026678562164307,
      2.3023955821990967,
      2.3026325702667236,
      2.302577018737793,
      2.302659749984741,
      2.303004741668701,
      2.302478075027466,
      2.3025963306427,
      2.302701711654663,
      2.3026793003082275,
      2.3027617931365967,
      2.3028221130371094,
      2.302710771560669,
      2.3025619983673096,
      2.3026885986328125,
      2.302661180496216,
      2.3025968074798584,
      2.302818536758423,
      2.3027822971343994,
      2.3028438091278076,
      2.30249285697937,
      2.302873373031616,
      2.3027114868164062,
      2.3026416301727295,
      2.3026111125946045,
      2.302713632583618
    ],