{
  "config": {
    "run_name": "test",
    "out_dir": "./results",
    "seed": 634663528,
    "device": null,
    "bs_train": 128,
    "bs_test": 32,
    "batches": 100,
    "epochs": 100,
    "early_stopping": 3,
    "checkpoints": null,
    "lr": 0.001,
    "reg": 0.001,
    "filters_per_layer": [
      32
    ],
    "pool_every": 4,
    "hidden_dims": [
      100
    ],
    "model_type": "cnn",
    "conv_params": {
      "kernel_size": [
        3,
        3
      ],
      "stride": [
        1,
        1
      ],
      "padding": [
        1,
        1
      ]
    },
    "activation_type": "lrelu",
    "activation_params": {
      "negative_slope": 0.01
    },
    "pooling_type": "avg",
    "pooling_params": {
      "kernel_size": 2
    },
    "batchnorm": true,
    "dropout": 0.1,
    "kw": {},
    "layers_per_block": 4
  },
  "results": {
    "num_epochs": 0,
    "train_loss": [
      2.0152738094329834,
      1.6555641889572144,
      1.5429584980010986,
      1.4585011005401611,
      1.3941293954849243,
      1.3348721265792847,
      1.2814120054244995,
      1.2182236909866333,
      1.187265157699585,
      1.146546721458435,
      1.1091262102127075,
      1.0747698545455933,
      1.0510629415512085,
      1.0238932371139526,
      0.9868396520614624,
      0.9703219532966614,
      0.9419289827346802,
      0.9245076775550842,
      0.9197310209274292,
      0.9004087448120117,
      0.8567935228347778,
      0.8479922413825989,
      0.8119363784790039,
      0.7825955152511597,
      0.770208477973938,
      0.7404012084007263,
      0.7271843552589417,
      0.7106666564941406,
      0.6775732040405273,
      0.6606076955795288,
      0.6554211378097534,
      0.6437367796897888,
      0.6173056960105896,
      0.6096677780151367,
      0.6185206174850464,
      0.5834165215492249,
      0.557343602180481,
      0.555630624294281,
      0.5120263695716858,
      0.5066238045692444,
      0.5154730677604675,
      0.48976781964302063,
      0.4686910808086395,
      0.465969979763031,
      0.45109620690345764,
      0.43620890378952026,
      0.42110422253608704,
      0.414405882358551,
      0.39642325043678284,
      0.40774986147880554,
      0.38485008478164673,
      0.38442859053611755,
      0.3622560501098633,
      0.3650033473968506,
      0.3406691551208496,
      0.3402671217918396,
      0.33302217721939087,
      0.3162567615509033,
      0.30606943368911743,
      0.3197227418422699,
      0.3017502427101135,
      0.28429821133613586,
      0.2902647852897644,
      0.28567320108413696,
      0.2850237190723419,
      0.28032076358795166,
      0.2851431667804718,
      0.26179394125938416,
      0.27018192410469055,
      0.25954946875572205,
      0.2607308030128479,
      0.2619268298149109,
      0.2533051073551178,
      0.24247267842292786,
      0.2341545671224594,
      0.2358354926109314,
      0.23529811203479767,
      0.23601622879505157,
      0.24166232347488403,
      0.2177354395389557,
      0.23001953959465027,
      0.21359215676784515,
      0.2288673222064972,
      0.23006489872932434,
      0.20334039628505707,
      0.2143349051475525,
      0.2083374708890915,
      0.21574130654335022,
      0.20943500101566315,
      0.22259800136089325,
      0.20778577029705048,
      0.20716431736946106,
      0.19834518432617188,
      0.19876904785633087,
      0.18267865478992462,
      0.20375949144363403,
      0.18723514676094055,
      0.19676396250724792,
      0.19472554326057434,
      0.18271706998348236
    ],
    "train_acc": [
      25.953125,
      40.3828125,
      44.0703125,
      46.7421875,
      49.59375,
      52.046875,
      53.90625,
      56.4375,
      57.71875,
      59.2578125,
      60.9921875,
      61.9765625,
      62.765625,
      64.171875,
      65.203125,
      65.7890625,
      66.65625,
      67.46875,
      67.890625,
      68.2109375,
      69.6875,
      70.359375,
      71.6328125,
      72.5625,
      72.921875,
      74.0,
      74.53125,
      75.40625,
      76.4296875,
      77.109375,
      77.328125,
      77.6875,
      78.7265625,
      79.3515625,
      78.703125,
      80.171875,
      80.40625,
      81.375,
      82.75,
      83.0234375,
      82.671875,
      83.3046875,
      84.4453125,
      84.1171875,
      84.59375,
      85.65625,
      85.6328125,
      86.03125,
      86.7578125,
      86.5078125,
      86.859375,
      87.125,
      87.84375,
      87.2265625,
      88.8046875,
      88.2109375,
      88.8671875,
      89.578125,
      89.5859375,
      89.25,
      89.7890625,
      90.6171875,
      90.2578125,
      90.3984375,
      90.375,
      90.46875,
      90.5234375,
      91.1875,
      90.9375,
      91.421875,
      90.9453125,
      91.3671875,
      91.4140625,
      91.6015625,
      92.1953125,
      92.0546875,
      92.046875,
      92.1796875,
      91.921875,
      92.59375,
      92.2578125,
      92.9296875,
      92.21875,
      92.1796875,
      93.2734375,
      93.0546875,
      93.296875,
      92.65625,
      92.921875,
      92.4375,
      92.8984375,
      93.1640625,
      93.078125,
      93.0703125,
      93.8203125,
      92.9921875,
      93.953125,
      93.46875,
      93.515625,
      93.9609375
    ],
    "test_loss": [
      1.75395929813385,
      1.5733487606048584,
      1.4848073720932007,
      1.44096839427948,
      1.3940507173538208,
      1.3142917156219482,
      1.265289068222046,
      1.236878752708435,
      1.2095181941986084,
      1.1890884637832642,
      1.1842498779296875,
      1.178667664527893,
      1.141450047492981,
      1.1168826818466187,
      1.2086106538772583,
      1.100712537765503,
      1.1247427463531494,
      1.1534205675125122,
      1.0688765048980713,
      1.0596556663513184,
      1.047378659248352,
      1.1149479150772095,
      1.036217451095581,
      1.063418984413147,
      1.0385135412216187,
      1.089613437652588,
      1.1191679239273071,
      1.0621246099472046,
      1.030701756477356,
      1.0674628019332886,
      1.0662990808486938,
      1.065242052078247,
      1.1269363164901733,
      1.1465554237365723,
      1.0659043788909912,
      1.0819069147109985,
      1.1165310144424438,
      1.116987705230713,
      1.1439427137374878,
      1.1683712005615234,
      1.1791882514953613,
      1.0770772695541382,
      1.1060274839401245,
      1.10746169090271,
      1.1784999370574951,
      1.139782428741455,
      1.1699633598327637,
      1.2704702615737915,
      1.1940593719482422,
      1.2382643222808838,
      1.2015876770019531,
      1.2536544799804688,
      1.314699649810791,
      1.277578353881836,
      1.2787400484085083,
      1.277585744857788,
      1.3031853437423706,
      1.407606601715088,
      1.3183269500732422,
      1.3981789350509644,
      1.377888798713684,
      1.3388878107070923,
      1.3498634099960327,
      1.4254313707351685,
      1.36933434009552,
      1.3998875617980957,
      1.4172812700271606,
      1.4651976823806763,
      1.353049397468567,
      1.5546969175338745,
      1.4292696714401245,
      1.5089112520217896,
      1.457533359527588,
      1.5058761835098267,
      1.5054895877838135,
      1.470192790031433,
      1.5941566228866577,
      1.488351583480835,
      1.4718023538589478,
      1.5609991550445557,
      1.6008845567703247,
      1.441258192062378,
      1.6386343240737915,
      1.6124006509780884,
      1.5522654056549072,
      1.529666543006897,
      1.463850498199463,
      1.5747990608215332,
      1.604112148284912,
      1.4600328207015991,
      1.652112364768982,
      1.5756585597991943,
      1.5039626359939575,
      1.571573257446289,
      1.555774211883545,
      1.5991291999816895,
      1.579439640045166,
      1.6443742513656616,
      1.678651213645935,
      1.6193891763687134
    ],