{
  "config": {
    "run_name": "test",
    "out_dir": "./results",
    "seed": 1714256844,
    "device": null,
    "bs_train": 128,
    "bs_test": 32,
    "batches": 100,
    "epochs": 100,
    "early_stopping": 3,
    "checkpoints": null,
    "lr": 0.001,
    "reg": 0.001,
    "filters_per_layer": [
      128
    ],
    "pool_every": 4,
    "hidden_dims": [
      100
    ],
    "model_type": "cnn",
    "conv_params": {
      "kernel_size": [
        3,
        3
      ],
      "stride": [
        1,
        1
      ],
      "padding": [
        1,
        1
      ]
    },
    "activation_type": "lrelu",
    "activation_params": {
      "negative_slope": 0.01
    },
    "pooling_type": "avg",
    "pooling_params": {
      "kernel_size": 2
    },
    "batchnorm": true,
    "dropout": 0.1,
    "kw": {},
    "layers_per_block": 4
  },
  "results": {
    "num_epochs": 0,
    "train_loss": [
      1.9509836435317993,
      1.6086803674697876,
      1.4507479667663574,
      1.3715167045593262,
      1.263991355895996,
      1.2094500064849854,
      1.1561073064804077,
      1.0968652963638306,
      1.04667329788208,
      1.0158993005752563,
      0.9878673553466797,
      0.9528604745864868,
      0.9381062984466553,
      0.9040706157684326,
      0.8792641162872314,
      0.8507804870605469,
      0.81880784034729,
      0.8048015236854553,
      0.7572900056838989,
      0.7504664659500122,
      0.7151603698730469,
      0.6988871097564697,
      0.6753742694854736,
      0.6448506116867065,
      0.6162075996398926,
      0.5965498089790344,
      0.5869746804237366,
      0.5562199950218201,
      0.5356302857398987,
      0.5046258568763733,
      0.5005636811256409,
      0.48086461424827576,
      0.46823862195014954,
      0.464655339717865,
      0.4481273591518402,
      0.4328145384788513,
      0.4181087911128998,
      0.40525156259536743,
      0.3771182596683502,
      0.38305792212486267,
      0.35983601212501526,
      0.35284894704818726,
      0.3628293573856354,
      0.333454966545105,
      0.327610582113266,
      0.32911375164985657,
      0.3090628683567047,
      0.3014640808105469,
      0.30070990324020386,
      0.28575435280799866,
      0.275691956281662,
      0.2625575661659241,
      0.25905001163482666,
      0.2544156312942505,
      0.2613477408885956,
      0.2472084015607834,
      0.22683170437812805,
      0.2460678219795227,
      0.24930648505687714,
      0.2507955729961395,
      0.23956091701984406,
      0.2421208918094635,
      0.23283280432224274,
      0.20707331597805023,
      0.22412247955799103,
      0.22321899235248566,
      0.21442031860351562,
      0.2163453996181488,
      0.20480377972126007,
      0.20708133280277252,
      0.21114200353622437,
      0.21667306125164032,
      0.20752710103988647,
      0.20096519589424133,
      0.20175454020500183,
      0.19381509721279144,
      0.1978137195110321,
      0.1902177780866623,
      0.19347704946994781,
      0.18682006001472473,
      0.20333677530288696,
      0.18412965536117554,
      0.20463888347148895,
      0.17603637278079987,
      0.1813306212425232,
      0.18217240273952484,
      0.1923787146806717,
      0.16842108964920044,
      0.17547525465488434,
      0.17691700160503387,
      0.1845574676990509,
      0.1713496744632721,
      0.17660655081272125,
      0.19117747247219086,
      0.17993219196796417,
      0.1807396411895752,
      0.1787625104188919,
      0.16556371748447418,
      0.16370214521884918,
      0.16585880517959595
    ],
    "train_acc": [
      29.3203125,
      41.6640625,
      47.0859375,
      50.671875,
      54.6640625,
      56.7109375,
      58.640625,
      61.0,
      63.1640625,
      64.140625,
      65.1015625,
      66.5390625,
      66.875,
      68.0625,
      68.6328125,
      69.4453125,
      71.28125,
      72.046875,
      73.765625,
      73.8828125,
      74.9453125,
      75.8203125,
      76.6171875,
      77.3671875,
      78.75,
      79.28125,
      79.6484375,
      80.96875,
      81.765625,
      82.8515625,
      82.6484375,
      83.6953125,
      84.0546875,
      84.0234375,
      84.703125,
      85.234375,
      85.71875,
      86.4296875,
      87.25,
      87.171875,
      87.8125,
      88.0625,
      87.75,
      88.84375,
      88.6484375,
      88.875,
      89.7890625,
      90.140625,
      89.6796875,
      90.5390625,
      90.5390625,
      91.2578125,
      91.34375,
      91.7109375,
      91.15625,
      91.78125,
      92.2734375,
      91.4453125,
      91.65625,
      91.765625,
      92.0234375,
      91.9765625,
      92.3125,
      93.03125,
      92.3828125,
      92.703125,
      92.640625,
      92.7890625,
      93.09375,
      93.1328125,
      92.921875,
      92.515625,
      93.5,
      93.296875,
      93.2890625,
      93.6953125,
      93.25,
      93.578125,
      93.3984375,
      93.7890625,
      93.1484375,
      93.8125,
      92.7578125,
      94.265625,
      93.890625,
      94.0078125,
      93.515625,
      94.5078125,
      94.1328125,
      94.03125,
      93.703125,
      94.25,
      94.109375,
      93.5546875,
      93.984375,
      94.046875,
      94.265625,
      94.7421875,
      94.578125,
      94.34375
    ],
    "test_loss": [
      1.7178022861480713,
      1.5051161050796509,
      1.5042170286178589,
      1.3220646381378174,
      1.2598117589950562,
      1.1938971281051636,
      1.1796040534973145,
      1.1755787134170532,
      1.1203441619873047,
      1.0860801935195923,
      1.0684176683425903,
      1.050931692123413,
      1.074671983718872,
      1.1186388731002808,
      1.0895798206329346,
      1.0140390396118164,
      1.0059691667556763,
      0.9446113109588623,
      1.0300869941711426,
      1.0005263090133667,
      0.968881368637085,
      0.9878323078155518,
      1.0249295234680176,
      1.0233856439590454,
      0.8910343647003174,
      0.8928629159927368,
      0.9958410263061523,
      0.9710317850112915,
      0.9146182537078857,
      0.9803991317749023,
      0.9717746376991272,
      0.9743205308914185,
      0.9567065238952637,
      1.0057085752487183,
      1.0223575830459595,
      1.0819834470748901,
      0.9985657930374146,
      1.0252110958099365,
      1.0355963706970215,
      0.9539234042167664,
      1.0921334028244019,
      1.0983766317367554,
      1.0754626989364624,
      1.1094568967819214,
      1.1655155420303345,
      1.0862617492675781,
      1.1220844984054565,
      1.0553303956985474,
      1.0818731784820557,
      1.1353563070297241,
      1.129163146018982,
      1.1421574354171753,
      1.1970546245574951,
      1.1322473287582397,
      1.1641035079956055,
      1.1426626443862915,
      1.1888203620910645,
      1.2333154678344727,
      1.20216965675354,
      1.1622827053070068,
      1.1839754581451416,
      1.1962977647781372,
      1.1459170579910278,
      1.262880802154541,
      1.199657917022705,
      1.2138360738754272,
      1.3475388288497925,
      1.33571457862854,
      1.3910671472549438,
      1.1946274042129517,
      1.266289234161377,
      1.277957558631897,
      1.2353435754776,
      1.2995338439941406,
      1.2635743618011475,
      1.3138824701309204,
      1.3122096061706543,
      1.3091421127319336,
      1.2556369304656982,
      1.2401559352874756,
      1.2499030828475952,
      1.4365495443344116,
      1.3354148864746094,
      1.3393385410308838,
      1.2832456827163696,
      1.3572595119476318,
      1.243016242980957,
      1.3668811321258545,
      1.2680081129074097,
      1.4241924285888672,
      1.2841248512268066,
      1.3321889638900757,
      1.534050703048706,
      1.3175987005233765,
      1.3813159465789795,
      1.3321080207824707,
      1.3106356859207153,
      1.3259278535842896,
      1.3052414655685425,
      1.4126722812652588
    ],