{
  "config": {
    "run_name": "test",
    "out_dir": "./results",
    "seed": 571724119,
    "device": null,
    "bs_train": 128,
    "bs_test": 32,
    "batches": 100,
    "epochs": 100,
    "early_stopping": 3,
    "checkpoints": null,
    "lr": 0.001,
    "reg": 0.001,
    "filters_per_layer": [
      32
    ],
    "pool_every": 4,
    "hidden_dims": [
      100
    ],
    "model_type": "cnn",
    "conv_params": {
      "kernel_size": [
        3,
        3
      ],
      "stride": [
        1,
        1
      ],
      "padding": [
        1,
        1
      ]
    },
    "activation_type": "lrelu",
    "activation_params": {
      "negative_slope": 0.01
    },
    "pooling_type": "avg",
    "pooling_params": {
      "kernel_size": 2
    },
    "batchnorm": true,
    "dropout": 0.1,
    "kw": {},
    "layers_per_block": 8
  },
  "results": {
    "num_epochs": 0,
    "train_loss": [
      2.3038597106933594,
      2.303175210952759,
      2.3029675483703613,
      2.3029556274414062,
      2.302863836288452,
      2.30277681350708,
      2.302762746810913,
      2.3027913570404053,
      2.3027052879333496,
      2.302659034729004,
      2.3027617931365967,
      2.3026418685913086,
      2.3026318550109863,
      2.3027353286743164,
      2.302638292312622,
      2.3027701377868652,
      2.3026247024536133,
      2.302722454071045,
      2.3026657104492188,
      2.3027102947235107,
      2.30264949798584,
      2.3027334213256836,
      2.3027169704437256,
      2.3026552200317383,
      2.302708148956299,
      2.3026628494262695,
      2.3027031421661377,
      2.3025729656219482,
      2.302790641784668,
      2.302687644958496,
      2.3026256561279297,
      2.3026256561279297,
      2.3026790618896484,
      2.3027589321136475,
      2.3026301860809326,
      2.3025219440460205,
      2.302631378173828,
      2.3027255535125732,
      2.3026089668273926,
      2.302718162536621,
      2.3026790618896484,
      2.302705764770508,
      2.302622079849243,
      2.30265474319458,
      2.302713394165039,
      2.3026645183563232,
      2.3026390075683594,
      2.30263352394104,
      2.302605152130127,
      2.302713632583618,
      2.3028128147125244,
      2.3025739192962646,
      2.3026793003082275,
      2.302783966064453,
      2.302694082260132,
      2.3027615547180176,
      2.302650213241577,
      2.3026187419891357,
      2.302698850631714,
      2.302598714828491,
      2.302690029144287,
      2.3026766777038574,
      2.3027167320251465,
      2.3027303218841553,
      2.302640914916992,
      2.3026938438415527,
      2.3026416301727295,
      2.3026421070098877,
      2.302684783935547,
      2.3026678562164307,
      2.302625894546509,
      2.3027098178863525,
      2.302659749984741,
      2.3026926517486572,
      2.3026769161224365,
      2.3026375770568848,
      2.302563428878784,
      2.3028476238250732,
      2.30260968208313,
      2.3028247356414795,
      2.3028249740600586,
      2.3026177883148193,
      2.3025031089782715,
      2.302757501602173,
      2.3025922775268555,
      2.302760601043701,
      2.3026843070983887,
      2.302698850631714,
      2.3026885986328125,
      2.3026316165924072,
      2.3025810718536377,
      2.302785634994507,
      2.30271315574646,
      2.3026931285858154,
      2.3026785850524902,
      2.3026654720306396,
      2.302643299102783,
      2.3027398586273193,
      2.3026602268218994,
      2.3026978969573975
    ],
    "train_acc": [
      10.125,
      10.140625,
      10.015625,
      9.921875,
      9.6796875,
      9.9453125,
      10.1796875,
      9.625,
      10.15625,
      9.9375,
      9.9921875,
      9.8984375,
      10.375,
      9.890625,
      10.0,
      9.8125,
      9.9140625,
      9.8203125,
      10.0,
      10.0859375,
      9.9140625,
      9.7734375,
      9.734375,
      9.8828125,
      10.109375,
      10.296875,
      9.8515625,
      10.328125,
      9.5859375,
      9.8125,
      9.7421875,
      10.2890625,
      10.0234375,
      9.8125,
      9.96875,
      10.015625,
      9.9140625,
      9.8359375,
      9.7421875,
      9.890625,
      9.8203125,
      9.28125,
      10.0390625,
      9.953125,
      9.921875,
      10.2109375,
      10.4453125,
      10.2421875,
      10.0,
      10.0625,
      9.8515625,
      10.390625,
      9.8984375,
      9.875,
      9.796875,
      9.6796875,
      10.0546875,
      9.6328125,
      10.140625,
      10.2109375,
      9.7109375,
      9.4609375,
      9.6484375,
      9.5234375,
      10.0625,
      9.28125,
      9.7265625,
      9.7421875,
      9.8203125,
      9.65625,
      10.109375,
      9.9296875,
      10.1640625,
      9.71875,
      9.5859375,
      10.3046875,
      9.8984375,
      9.3828125,
      9.8125,
      9.9765625,
      9.859375,
      9.671875,
      10.3359375,
      10.078125,
      10.234375,
      9.78125,
      9.8671875,
      9.8359375,
      10.1640625,
      10.34375,
      10.25,
      9.7890625,
      9.9296875,
      9.9921875,
      10.0,
      10.0625,
      10.0,
      9.59375,
      9.7265625,
      9.75
    ],
    "test_loss": [
      2.3048324584960938,
      2.303316831588745,
      2.3027355670928955,
      2.302635669708252,
      2.3025131225585938,
      2.303119659423828,
      2.3024709224700928,
      2.3025457859039307,
      2.3024327754974365,
      2.302569627761841,
      2.302490472793579,
      2.302778959274292,
      2.303102493286133,
      2.3022451400756836,
      2.3028013706207275,
      2.3027114868164062,
      2.302584409713745,
      2.302548408508301,
      2.3024744987487793,
      2.3026187419891357,
      2.302734375,
      2.3026297092437744,
      2.3026111125946045,
      2.3026280403137207,
      2.302593946456909,
      2.3023457527160645,
      2.302630662918091,
      2.3025481700897217,
      2.3024678230285645,
      2.302670478820801,
      2.3027336597442627,
      2.3024744987487793,
      2.302771806716919,
      2.3024990558624268,
      2.3026235103607178,
      2.3025975227355957,
      2.302738904953003,
      2.302642822265625,
      2.3023641109466553,
      2.302752733230591,
      2.3026013374328613,
      2.3026249408721924,
      2.302520990371704,
      2.302889108657837,
      2.302682638168335,
      2.3026459217071533,
      2.302790880203247,
      2.3027968406677246,
      2.3026106357574463,
      2.302811622619629,
      2.3023555278778076,
      2.3024556636810303,
      2.3027775287628174,
      2.3026819229125977,
      2.3026034832000732,
      2.3025689125061035,
      2.3026883602142334,
      2.302863836288452,
      2.30255389213562,
      2.3025760650634766,
      2.302368402481079,
      2.3025898933410645,
      2.3028392791748047,
      2.3023698329925537,
      2.302567481994629,
      2.3026480674743652,
      2.3027291297912598,
      2.302699327468872,
      2.30257248878479,
      2.3024919033050537,
      2.302576780319214,
      2.302527904510498,
      2.30242657661438,
      2.3023598194122314,
      2.302480936050415,
      2.302537679672241,
      2.302830219268799,
      2.3026678562164307,
      2.3028934001922607,
      2.3024916648864746,
      2.3026585578918457,
      2.3026504516601562,
      2.302650213241577,
      2.3022520542144775,
      2.302638292312622,
      2.302649736404419,
      2.302699327468872,
      2.302530288696289,
      2.3026530742645264,
      2.3025920391082764,
      2.3027188777923584,
      2.302619457244873,
      2.3023533821105957,
      2.3026204109191895,
      2.3025805950164795,
      2.3023650646209717,
      2.302464723587036,
      2.3026161193847656,
      2.302675485610962,
      2.302560567855835
    ],