{
  "config": {
    "run_name": "exp1_3",
    "out_dir": "./results",
    "seed": 1761249828,
    "device": null,
    "bs_train": 128,
    "bs_test": 32,
    "batches": 100,
    "epochs": 100,
    "early_stopping": 3,
    "checkpoints": null,
    "lr": 0.001,
    "reg": 0.001,
    "filters_per_layer": [
      64,
      128,
      256
    ],
    "pool_every": 4,
    "hidden_dims": [
      100
    ],
    "model_type": "cnn",
    "conv_params": {
      "kernel_size": [
        3,
        3
      ],
      "stride": [
        1,
        1
      ],
      "padding": [
        1,
        1
      ]
    },
    "activation_type": "lrelu",
    "activation_params": {
      "negative_slope": 0.01
    },
    "pooling_type": "avg",
    "pooling_params": {
      "kernel_size": 2
    },
    "batchnorm": true,
    "dropout": 0.1,
    "kw": {},
    "layers_per_block": 4
  },
  "results": {
    "num_epochs": 0,
    "train_loss": [
      2.303816080093384,
      2.3031609058380127,
      2.3029325008392334,
      2.30281138420105,
      2.30293869972229,
      2.3026235103607178,
      2.3029866218566895,
      2.3026955127716064,
      2.3027706146240234,
      2.302732229232788,
      2.3025662899017334,
      2.3027284145355225,
      2.302778959274292,
      2.302767038345337,
      2.3026511669158936,
      2.302741527557373,
      2.3027360439300537,
      2.3026890754699707,
      2.3026962280273438,
      2.3026933670043945,
      2.3026280403137207,
      2.3027894496917725,
      2.3026716709136963,
      2.302722692489624,
      2.30277943611145,
      2.3026509284973145,
      2.3027443885803223,
      2.302600145339966,
      2.30265736579895,
      2.3026256561279297,
      2.3026678562164307,
      2.3026421070098877,
      2.3027703762054443,
      2.3027100563049316,
      2.302589178085327,
      2.3027491569519043,
      2.302722692489624,
      2.3026742935180664,
      2.3027608394622803,
      2.302651882171631,
      2.302661180496216,
      2.3026390075683594,
      2.30264949798584,
      2.302741765975952,
      2.302743434906006,
      2.3026480674743652,
      2.302699327468872,
      2.3027055263519287,
      2.3026461601257324,
      2.3026139736175537,
      2.3026480674743652,
      2.302694082260132,
      2.3025472164154053,
      2.302739381790161,
      2.3026797771453857,
      2.3027024269104004,
      2.3026082515716553,
      2.3026373386383057,
      2.3026671409606934,
      2.30267333984375,
      2.302764654159546,
      2.302466869354248,
      2.3026669025421143,
      2.302673101425171,
      2.302710771560669,
      2.302638292312622,
      2.3025832176208496,
      2.302650213241577,
      2.30265736579895,
      2.302732467651367,
      2.303879976272583,
      2.302753448486328,
      2.3027091026306152,
      2.302635431289673,
      2.302671194076538,
      2.302677631378174,
      2.3026235103607178,
      2.3027102947235107,
      2.3026013374328613,
      2.302650213241577,
      2.302661895751953,
      2.3026788234710693,
      2.3026680946350098,
      2.30259370803833,
      2.3026552200317383,
      2.302577257156372,
      2.302727222442627,
      2.30261492729187,
      2.3027701377868652,
      2.3026437759399414,
      2.3027195930480957,
      2.3026185035705566,
      2.302711248397827,
      2.3025970458984375,
      2.302561044692993,
      2.302743673324585,
      2.302687883377075,
      2.302696466445923,
      2.3026044368743896,
      2.3027780055999756
    ],
    "train_acc": [
      10.0,
      9.4921875,
      9.859375,
      10.0078125,
      9.703125,
      10.015625,
      10.171875,
      9.671875,
      9.8828125,
      9.9921875,
      9.78125,
      9.9453125,
      9.875,
      10.21875,
      9.9453125,
      10.21875,
      9.6640625,
      10.1953125,
      9.7265625,
      9.6953125,
      10.15625,
      9.75,
      10.0546875,
      9.921875,
      9.859375,
      10.0625,
      9.9609375,
      9.9921875,
      10.1796875,
      10.1484375,
      9.8359375,
      10.4921875,
      9.734375,
      10.015625,
      10.140625,
      10.0859375,
      9.5234375,
      10.2109375,
      9.5546875,
      9.9140625,
      9.625,
      9.984375,
      10.125,
      10.03125,
      9.6953125,
      9.734375,
      9.796875,
      9.7109375,
      9.8828125,
      10.109375,
      9.9296875,
      9.703125,
      10.34375,
      9.796875,
      9.953125,
      9.6328125,
      10.0859375,
      10.0859375,
      9.9609375,
      9.8828125,
      9.421875,
      10.1875,
      10.0703125,
      10.0625,
      10.0390625,
      10.0,
      10.2421875,
      9.96875,
      9.796875,
      10.2421875,
      9.9921875,
      9.640625,
      9.59375,
      10.0859375,
      9.875,
      9.6171875,
      9.875,
      9.59375,
      9.6953125,
      10.046875,
      10.2421875,
      9.6328125,
      10.328125,
      9.8203125,
      10.234375,
      9.9140625,
      9.8203125,
      10.15625,
      9.5546875,
      10.2109375,
      9.84375,
      10.1328125,
      10.015625,
      10.09375,
      10.109375,
      10.0390625,
      10.34375,
      9.875,
      10.1328125,
      9.515625
    ],
    "test_loss": [
      2.302861213684082,
      2.3024892807006836,
      2.302973508834839,
      2.303255796432495,
      2.302610158920288,
      2.3032407760620117,
      2.3024513721466064,
      2.303011417388916,
      2.302971839904785,
      2.30230450630188,
      2.3027098178863525,
      2.302393913269043,
      2.3027360439300537,
      2.303077220916748,
      2.3024377822875977,
      2.302478313446045,
      2.302635908126831,
      2.302762508392334,
      2.302583932876587,
      2.3026983737945557,
      2.3028554916381836,
      2.3025949001312256,
      2.302922248840332,
      2.3025877475738525,
      2.30242919921875,
      2.3026397228240967,
      2.3024966716766357,
      2.302577257156372,
      2.3026411533355713,
      2.302788019180298,
      2.3025224208831787,
      2.3025827407836914,
      2.3027055263519287,
      2.302597999572754,
      2.3027234077453613,
      2.3024728298187256,
      2.3027360439300537,
      2.3026983737945557,
      2.3025612831115723,
      2.302612781524658,
      2.302459955215454,
      2.3024954795837402,
      2.3028128147125244,
      2.302450656890869,
      2.3026037216186523,
      2.3026649951934814,
      2.302797317504883,
      2.302591562271118,
      2.302497386932373,
      2.302673816680908,
      2.302626371383667,
      2.3024544715881348,
      2.302588701248169,
      2.3025012016296387,
      2.3027255535125732,
      2.3025829792022705,
      2.3026251792907715,
      2.30257248878479,
      2.30277681350708,
      2.3027682304382324,
      2.3027892112731934,
      2.302600860595703,
      2.3025617599487305,
      2.302776336669922,
      2.3026859760284424,
      2.30260968208313,
      2.3028502464294434,
      2.30234956741333,
      2.302290916442871,
      2.3026599884033203,
      2.3025190830230713,
      2.3024797439575195,
      2.3027076721191406,
      2.3027360439300537,
      2.3024237155914307,
      2.3025081157684326,
      2.3027286529541016,
      2.3025898933410645,
      2.302598237991333,
      2.3027091026306152,
      2.3025922775268555,
      2.302323341369629,
      2.3029496669769287,
      2.3028509616851807,
      2.3028171062469482,
      2.302673578262329,
      2.3023672103881836,
      2.302394151687622,
      2.302497148513794,
      2.3025190830230713,
      2.3026037216186523,
      2.3025877475738525,
      2.3024470806121826,
      2.3026957511901855,
      2.3026905059814453,
      2.3026750087738037,
      2.3026483058929443,
      2.302804708480835,
      2.3024935722351074,
      2.3028604984283447
    ],