{
  "config": {
    "run_name": "test",
    "out_dir": "./results",
    "seed": 1997665569,
    "device": null,
    "bs_train": 128,
    "bs_test": 32,
    "batches": 100,
    "epochs": 100,
    "early_stopping": 3,
    "checkpoints": null,
    "lr": 0.001,
    "reg": 0.001,
    "filters_per_layer": [
      64
    ],
    "pool_every": 4,
    "hidden_dims": [
      100
    ],
    "model_type": "cnn",
    "conv_params": {
      "kernel_size": [
        3,
        3
      ],
      "stride": [
        1,
        1
      ],
      "padding": [
        1,
        1
      ]
    },
    "activation_type": "lrelu",
    "activation_params": {
      "negative_slope": 0.01
    },
    "pooling_type": "avg",
    "pooling_params": {
      "kernel_size": 2
    },
    "batchnorm": true,
    "dropout": 0.1,
    "kw": {},
    "layers_per_block": 4
  },
  "results": {
    "num_epochs": 0,
    "train_loss": [
      1.9297258853912354,
      1.6103005409240723,
      1.4761462211608887,
      1.3449524641036987,
      1.2842053174972534,
      1.2095741033554077,
      1.1718658208847046,
      1.0815708637237549,
      1.0607889890670776,
      1.0337481498718262,
      0.9655996561050415,
      0.9360246062278748,
      0.9405580163002014,
      0.87847501039505,
      0.8670172691345215,
      0.8306677937507629,
      0.8081833720207214,
      0.7682974934577942,
      0.7511013746261597,
      0.7170769572257996,
      0.6926051378250122,
      0.6951138377189636,
      0.6459906101226807,
      0.6305257678031921,
      0.6038954257965088,
      0.5820972919464111,
      0.571464478969574,
      0.5517137050628662,
      0.5479720830917358,
      0.5067434310913086,
      0.4974941611289978,
      0.47970104217529297,
      0.4505205452442169,
      0.45946788787841797,
      0.4501480460166931,
      0.4306681752204895,
      0.4133158326148987,
      0.39023125171661377,
      0.40331119298934937,
      0.37721237540245056,
      0.3600771129131317,
      0.36627134680747986,
      0.3540686368942261,
      0.33738043904304504,
      0.3260120451450348,
      0.30672594904899597,
      0.3159070611000061,
      0.2987941801548004,
      0.29708966612815857,
      0.29287654161453247,
      0.28188440203666687,
      0.28732866048812866,
      0.26053836941719055,
      0.27138853073120117,
      0.2765369713306427,
      0.2618051767349243,
      0.25982236862182617,
      0.27261897921562195,
      0.23575817048549652,
      0.2320190817117691,
      0.23553599417209625,
      0.23003718256950378,
      0.22787798941135406,
      0.2118038535118103,
      0.26003625988960266,
      0.22305406630039215,
      0.2233886420726776,
      0.21447530388832092,
      0.20645025372505188,
      0.21201923489570618,
      0.206389382481575,
      0.2166779339313507,
      0.19849157333374023,
      0.19528889656066895,
      0.19953769445419312,
      0.19200937449932098,
      0.1967715620994568,
      0.2031295895576477,
      0.18907473981380463,
      0.18529483675956726,
      0.19388426840305328,
      0.20160900056362152,
      0.17956705391407013,
      0.19416463375091553,
      0.19082438945770264,
      0.187978133559227,
      0.18335182964801788,
      0.17758889496326447,
      0.18964293599128723,
      0.17821729183197021,
      0.1856212168931961,
      0.16767828166484833,
      0.17343005537986755,
      0.17964965105056763,
      0.15731127560138702,
      0.16629786789417267,
      0.1767321228981018,
      0.16703571379184723,
      0.1676645576953888,
      0.1644033044576645
    ],
    "train_acc": [
      29.828125,
      41.234375,
      46.4609375,
      52.0703125,
      54.3125,
      56.34375,
      58.078125,
      61.828125,
      62.6328125,
      63.140625,
      66.1015625,
      66.75,
      67.0859375,
      68.7421875,
      69.2578125,
      70.59375,
      71.703125,
      72.921875,
      73.859375,
      74.7421875,
      75.8359375,
      75.4609375,
      77.4453125,
      78.4140625,
      78.921875,
      80.0703125,
      80.25,
      81.1796875,
      81.5859375,
      82.4453125,
      82.8671875,
      83.5859375,
      84.59375,
      84.703125,
      84.828125,
      85.15625,
      85.953125,
      86.7578125,
      86.5234375,
      87.2109375,
      87.859375,
      87.6640625,
      87.859375,
      88.71875,
      89.0390625,
      89.6484375,
      89.5390625,
      89.71875,
      90.1171875,
      90.234375,
      90.53125,
      90.390625,
      91.328125,
      91.015625,
      90.75,
      91.171875,
      91.265625,
      90.734375,
      92.1171875,
      92.2734375,
      92.015625,
      92.59375,
      92.0546875,
      92.8828125,
      91.328125,
      92.515625,
      92.5390625,
      92.7265625,
      93.171875,
      93.0859375,
      93.0859375,
      92.9765625,
      93.2578125,
      93.8203125,
      93.2578125,
      93.5859375,
      93.1640625,
      93.2421875,
      93.7265625,
      93.8828125,
      93.6015625,
      93.2890625,
      93.90625,
      93.5625,
      93.890625,
      93.6875,
      94.0234375,
      93.9140625,
      93.453125,
      94.109375,
      93.96875,
      94.4765625,
      94.1171875,
      94.1953125,
      94.703125,
      94.703125,
      94.125,
      94.4140625,
      94.4609375,
      94.5390625
    ],
    "test_loss": [
      1.729439616203308,
      1.5072288513183594,
      1.3950027227401733,
      1.299787998199463,
      1.2277908325195312,
      1.2630958557128906,
      1.2009018659591675,
      1.1134380102157593,
      1.1350308656692505,
      1.0908364057540894,
      1.1146777868270874,
      1.1180838346481323,
      1.0460985898971558,
      0.9984825849533081,
      1.0041800737380981,
      1.065738320350647,
      0.9461487531661987,
      0.9826022386550903,
      0.9278733134269714,
      0.9413368701934814,
      0.9523295164108276,
      0.9636893272399902,
      0.9556968212127686,
      0.9272676706314087,
      0.9959675669670105,
      0.9483399987220764,
      0.9761219620704651,
      0.9915244579315186,
      0.9618551135063171,
      1.0405008792877197,
      1.0005258321762085,
      1.0349966287612915,
      1.0134690999984741,
      1.0525585412979126,
      1.0457640886306763,
      1.0047160387039185,
      1.1209516525268555,
      1.0316194295883179,
      1.0062966346740723,
      1.082910418510437,
      1.0486507415771484,
      1.1192337274551392,
      1.103953242301941,
      1.0844173431396484,
      1.054675579071045,
      1.1048325300216675,
      1.0658650398254395,
      1.1862468719482422,
      1.113332748413086,
      1.1101020574569702,
      1.203993558883667,
      1.1707241535186768,
      1.153885006904602,
      1.2593085765838623,
      1.2611433267593384,
      1.2109267711639404,
      1.2010775804519653,
      1.1875735521316528,
      1.204969048500061,
      1.2440967559814453,
      1.232560157775879,
      1.3190199136734009,
      1.2846390008926392,
      1.3108047246932983,
      1.2027382850646973,
      1.3288379907608032,
      1.2361918687820435,
      1.2288970947265625,
      1.254652500152588,
      1.29358971118927,
      1.321196436882019,
      1.269803524017334,
      1.3235176801681519,
      1.2686541080474854,
      1.3515456914901733,
      1.3744370937347412,
      1.4014360904693604,
      1.345857858657837,
      1.4210221767425537,
      1.266350269317627,
      1.3473936319351196,
      1.3319995403289795,
      1.3316069841384888,
      1.2982455492019653,
      1.3456569910049438,
      1.4825081825256348,
      1.340031385421753,
      1.3219852447509766,
      1.3606263399124146,
      1.3977752923965454,
      1.4467960596084595,
      1.3757884502410889,
      1.4282598495483398,
      1.3528270721435547,
      1.4044268131256104,
      1.3496711254119873,
      1.3610132932662964,
      1.3597440719604492,
      1.305214762687683,
      1.3911222219467163
    ],