{
  "config": {
    "run_name": "test",
    "out_dir": "./results",
    "seed": 2004767151,
    "device": null,
    "bs_train": 128,
    "bs_test": 32,
    "batches": 100,
    "epochs": 100,
    "early_stopping": 3,
    "checkpoints": null,
    "lr": 0.001,
    "reg": 0.001,
    "filters_per_layer": [
      32
    ],
    "pool_every": 2,
    "hidden_dims": [
      100
    ],
    "model_type": "cnn",
    "conv_params": {
      "kernel_size": [
        3,
        3
      ],
      "stride": [
        1,
        1
      ],
      "padding": [
        1,
        1
      ]
    },
    "activation_type": "lrelu",
    "activation_params": {
      "negative_slope": 0.01
    },
    "pooling_type": "avg",
    "pooling_params": {
      "kernel_size": 2
    },
    "batchnorm": true,
    "dropout": 0.1,
    "kw": {},
    "layers_per_block": 4
  },
  "results": {
    "num_epochs": 0,
    "train_loss": [
      2.0738112926483154,
      1.7995890378952026,
      1.6152364015579224,
      1.5342084169387817,
      1.451649785041809,
      1.391518235206604,
      1.3302799463272095,
      1.3004707098007202,
      1.2714594602584839,
      1.2202681303024292,
      1.2173324823379517,
      1.1783311367034912,
      1.1513274908065796,
      1.1352763175964355,
      1.1045236587524414,
      1.063537836074829,
      1.0643322467803955,
      1.0364184379577637,
      1.0272938013076782,
      0.9908830523490906,
      0.9750865697860718,
      0.9533737897872925,
      0.9701622128486633,
      0.9481762051582336,
      0.9161229729652405,
      0.8737838864326477,
      0.8940964341163635,
      0.8852309584617615,
      0.8508177995681763,
      0.8697444796562195,
      0.8335890173912048,
      0.8281503915786743,
      0.8174809813499451,
      0.8080940246582031,
      0.7931969165802002,
      0.7616308331489563,
      0.7589597105979919,
      0.7376246452331543,
      0.7381752729415894,
      0.7471598982810974,
      0.7244517803192139,
      0.7228676676750183,
      0.6834154725074768,
      0.6895461082458496,
      0.6994578838348389,
      0.6483497023582458,
      0.6460731625556946,
      0.6423010230064392,
      0.6380695104598999,
      0.6253808736801147,
      0.6200597882270813,
      0.6072975397109985,
      0.6015226244926453,
      0.5769844055175781,
      0.5894914865493774,
      0.5771120190620422,
      0.5661894083023071,
      0.5629430413246155,
      0.5452010631561279,
      0.5512664914131165,
      0.5277157425880432,
      0.5424790978431702,
      0.5209058523178101,
      0.5257104635238647,
      0.5116539597511292,
      0.505702793598175,
      0.48685160279273987,
      0.4901280105113983,
      0.47791633009910583,
      0.47928425669670105,
      0.4543758034706116,
      0.4485267698764801,
      0.4495430886745453,
      0.45196592807769775,
      0.42943111062049866,
      0.42084357142448425,
      0.4305388629436493,
      0.41143837571144104,
      0.40028417110443115,
      0.40381911396980286,
      0.4110651910305023,
      0.4090665876865387,
      0.4064244031906128,
      0.37345513701438904,
      0.3774174749851227,
      0.38004887104034424,
      0.37292176485061646,
      0.34184131026268005,
      0.35815685987472534,
      0.3521607220172882,
      0.35575175285339355,
      0.3569057881832123,
      0.3263282775878906,
      0.34729906916618347,
      0.32542815804481506,
      0.32860106229782104,
      0.30660563707351685,
      0.3274148106575012,
      0.31596219539642334,
      0.2998189628124237
    ],
    "train_acc": [
      23.078125,
      34.578125,
      41.9375,
      44.515625,
      47.7890625,
      50.0546875,
      51.984375,
      53.578125,
      54.5703125,
      56.0859375,
      56.609375,
      57.75,
      58.5703125,
      59.3359375,
      60.3046875,
      61.9921875,
      62.5390625,
      63.5546875,
      63.1796875,
      65.125,
      65.2578125,
      66.234375,
      65.8359375,
      66.21875,
      67.4765625,
      69.015625,
      67.8203125,
      68.8125,
      70.40625,
      69.2734375,
      70.4609375,
      70.4765625,
      71.046875,
      71.765625,
      72.078125,
      72.7109375,
      73.046875,
      74.203125,
      74.171875,
      73.7421875,
      74.84375,
      74.71875,
      76.09375,
      75.75,
      75.4765625,
      77.625,
      77.5859375,
      77.5625,
      77.6484375,
      77.9609375,
      78.125,
      78.6484375,
      79.1484375,
      79.828125,
      79.71875,
      79.7265625,
      80.3828125,
      80.78125,
      81.2734375,
      80.953125,
      82.0234375,
      81.09375,
      81.9609375,
      81.6640625,
      82.203125,
      82.359375,
      83.2890625,
      82.7109375,
      83.8359375,
      83.3828125,
      83.8984375,
      84.6953125,
      84.109375,
      84.4453125,
      85.09375,
      85.609375,
      85.0625,
      85.9140625,
      86.5703125,
      86.296875,
      85.8984375,
      85.7578125,
      85.8203125,
      87.2578125,
      87.0859375,
      86.5859375,
      87.234375,
      87.9296875,
      87.5390625,
      87.9140625,
      87.84375,
      87.5390625,
      88.6875,
      87.6640625,
      88.7109375,
      88.2734375,
      89.234375,
      88.6640625,
      89.140625,
      89.7578125
    ],
    "test_loss": [
      1.9237927198410034,
      1.6929435729980469,
      1.5367226600646973,
      1.5322473049163818,
      1.4142138957977295,
      1.339551568031311,
      1.3484971523284912,
      1.289442539215088,
      1.2454681396484375,
      1.22842538356781,
      1.1978546380996704,
      1.1753730773925781,
      1.1847913265228271,
      1.1684596538543701,
      1.1555240154266357,
      1.1425445079803467,
      1.1476191282272339,
      1.14370858669281,
      1.144559383392334,
      1.0879708528518677,
      1.0720539093017578,
      1.0503528118133545,
      1.0851064920425415,
      1.0322363376617432,
      1.0719971656799316,
      1.0799307823181152,
      1.0227651596069336,
      1.0378613471984863,
      1.0615339279174805,
      1.0327833890914917,
      1.0201172828674316,
      1.038832187652588,
      1.0208823680877686,
      1.0256344079971313,
      0.9818609356880188,
      0.9876934289932251,
      0.9944803714752197,
      0.9624243974685669,
      1.012661337852478,
      0.984722375869751,
      1.0038752555847168,
      1.0161508321762085,
      1.005355715751648,
      0.9398062229156494,
      0.9409946203231812,
      1.023962140083313,
      1.0061087608337402,
      1.0347784757614136,
      0.9459103345870972,
      1.0227965116500854,
      1.0090422630310059,
      0.9962151050567627,
      0.9995124340057373,
      0.9505358338356018,
      0.9687258005142212,
      0.9897246360778809,
      0.9896950721740723,
      1.004309058189392,
      1.0225458145141602,
      1.018453598022461,
      1.0819711685180664,
      0.9758235812187195,
      1.0268921852111816,
      1.0509333610534668,
      1.0579752922058105,
      1.0816534757614136,
      1.082934021949768,
      1.0559840202331543,
      1.1380516290664673,
      1.0424187183380127,
      1.0800906419754028,
      0.9975064992904663,
      1.099003553390503,
      1.0396974086761475,
      1.1178947687149048,
      1.1208069324493408,
      1.0965282917022705,
      1.1071404218673706,
      1.1500893831253052,
      1.1057953834533691,
      1.1284235715866089,
      1.105255365371704,
      1.135127067565918,
      1.1494231224060059,
      1.1359235048294067,
      1.097909927368164,
      1.0753207206726074,
      1.147162675857544,
      1.1992290019989014,
      1.1466768980026245,
      1.1714649200439453,
      1.106271505355835,
      1.2181166410446167,
      1.1265649795532227,
      1.1955854892730713,
      1.1716800928115845,
      1.2632031440734863,
      1.2790735960006714,
      1.2691441774368286,
      1.2458350658416748
    ],