{
  "config": {
    "run_name": "exp1_3",
    "out_dir": "./results",
    "seed": 688280178,
    "device": null,
    "bs_train": 128,
    "bs_test": 32,
    "batches": 100,
    "epochs": 100,
    "early_stopping": 3,
    "checkpoints": null,
    "lr": 0.001,
    "reg": 0.001,
    "filters_per_layer": [
      64,
      128,
      256
    ],
    "pool_every": 4,
    "hidden_dims": [
      100
    ],
    "model_type": "cnn",
    "conv_params": {
      "kernel_size": [
        3,
        3
      ],
      "stride": [
        1,
        1
      ],
      "padding": [
        1,
        1
      ]
    },
    "activation_type": "lrelu",
    "activation_params": {
      "negative_slope": 0.01
    },
    "pooling_type": "avg",
    "pooling_params": {
      "kernel_size": 2
    },
    "batchnorm": true,
    "dropout": 0.1,
    "kw": {},
    "layers_per_block": 3
  },
  "results": {
    "num_epochs": 0,
    "train_loss": [
      2.303972005844116,
      2.302865505218506,
      2.3028385639190674,
      2.3027327060699463,
      2.3026795387268066,
      2.3029072284698486,
      2.3026859760284424,
      2.302797794342041,
      2.302673101425171,
      2.302774429321289,
      2.3027021884918213,
      2.302661895751953,
      2.3027212619781494,
      2.3027570247650146,
      2.3025004863739014,
      2.3025712966918945,
      2.302612066268921,
      2.3027899265289307,
      2.302694082260132,
      2.3027865886688232,
      2.3026654720306396,
      2.3024508953094482,
      2.3026256561279297,
      2.302720546722412,
      2.3026280403137207,
      2.302638292312622,
      2.3025412559509277,
      2.3026318550109863,
      2.302788734436035,
      2.302717447280884,
      2.3026247024536133,
      2.3026483058929443,
      2.3026628494262695,
      2.3027262687683105,
      2.302579402923584,
      2.3027853965759277,
      2.3027398586273193,
      2.302656888961792,
      2.3026669025421143,
      2.3026936054229736,
      2.3026344776153564,
      2.3027234077453613,
      2.3026533126831055,
      2.302712917327881,
      2.3026719093322754,
      2.3027303218841553,
      2.3026602268218994,
      2.3026084899902344,
      2.3026623725891113,
      2.302614450454712,
      2.3026797771453857,
      2.302602767944336,
      2.3026282787323,
      2.302694082260132,
      2.3026371002197266,
      2.3026504516601562,
      2.302781343460083,
      2.3027143478393555,
      2.3027167320251465,
      2.3027007579803467,
      2.30268931388855,
      2.302734136581421,
      2.3026440143585205,
      2.302658796310425,
      2.3025739192962646,
      2.302541971206665,
      2.3027312755584717,
      2.302673816680908,
      2.3027703762054443,
      2.302614450454712,
      2.3026955127716064,
      2.302670478820801,
      2.302597999572754,
      2.302687883377075,
      2.302671194076538,
      2.3026089668273926,
      2.302675485610962,
      2.302690029144287,
      2.302669048309326,
      2.302692413330078,
      2.30255389213562,
      2.3027453422546387,
      2.3026933670043945,
      2.3026652336120605,
      2.3026299476623535,
      2.3026633262634277,
      2.3026459217071533,
      2.302612781524658,
      2.302617073059082,
      2.302765369415283,
      2.3026750087738037,
      2.30336332321167,
      2.3027071952819824,
      2.3029298782348633,
      2.302683115005493,
      2.302680730819702,
      2.3026716709136963,
      2.3027400970458984,
      2.3026766777038574,
      2.3026487827301025
    ],
    "train_acc": [
      10.1796875,
      10.140625,
      10.2734375,
      10.15625,
      10.3671875,
      9.7109375,
      9.6015625,
      9.765625,
      10.046875,
      9.90625,
      10.1015625,
      9.6328125,
      9.921875,
      9.6796875,
      10.0703125,
      10.3359375,
      10.15625,
      9.8515625,
      10.0078125,
      9.609375,
      10.375,
      10.7421875,
      10.1953125,
      10.0625,
      9.96875,
      10.265625,
      9.90625,
      9.9609375,
      9.8828125,
      10.046875,
      10.0859375,
      9.9375,
      9.8203125,
      9.96875,
      10.2265625,
      9.5390625,
      10.0625,
      10.0078125,
      9.515625,
      9.8671875,
      10.0703125,
      9.1484375,
      9.90625,
      9.796875,
      10.0,
      9.3359375,
      9.8515625,
      10.140625,
      9.9921875,
      10.3515625,
      10.078125,
      10.390625,
      9.7421875,
      9.921875,
      9.84375,
      9.859375,
      10.1640625,
      9.9296875,
      10.1953125,
      9.8203125,
      9.6484375,
      10.359375,
      9.8671875,
      9.7578125,
      10.015625,
      10.53125,
      9.6484375,
      9.9140625,
      9.515625,
      9.796875,
      9.859375,
      9.9765625,
      10.078125,
      9.671875,
      9.9296875,
      10.1171875,
      9.875,
      10.1171875,
      9.6171875,
      9.546875,
      10.2734375,
      9.8984375,
      9.8203125,
      9.9140625,
      10.1796875,
      9.78125,
      10.0859375,
      9.953125,
      10.2578125,
      9.6953125,
      10.40625,
      9.9453125,
      10.0546875,
      9.78125,
      10.2421875,
      9.9921875,
      10.2578125,
      9.8125,
      9.3203125,
      9.7578125
    ],
    "test_loss": [
      2.3028814792633057,
      2.302508592605591,
      2.302471876144409,
      2.302412271499634,
      2.302802324295044,
      2.302684783935547,
      2.3026437759399414,
      2.30265736579895,
      2.3029096126556396,
      2.3028628826141357,
      2.302781581878662,
      2.302358388900757,
      2.3026068210601807,
      2.3026175498962402,
      2.302698850631714,
      2.302870988845825,
      2.302792549133301,
      2.302893877029419,
      2.3026771545410156,
      2.302830934524536,
      2.302578926086426,
      2.302849769592285,
      2.3029510974884033,
      2.302393913269043,
      2.302375555038452,
      2.3028199672698975,
      2.3025166988372803,
      2.3025901317596436,
      2.302809953689575,
      2.302748441696167,
      2.3026182651519775,
      2.302628993988037,
      2.3025548458099365,
      2.302602767944336,
      2.30257248878479,
      2.3027234077453613,
      2.30245304107666,
      2.3025615215301514,
      2.302579402923584,
      2.302605628967285,
      2.302412748336792,
      2.302645444869995,
      2.3026769161224365,
      2.302658796310425,
      2.3025572299957275,
      2.302593946456909,
      2.3024940490722656,
      2.3024985790252686,
      2.3026928901672363,
      2.3028299808502197,
      2.302375316619873,
      2.3027420043945312,
      2.3024532794952393,
      2.3028433322906494,
      2.3026363849639893,
      2.302865505218506,
      2.3025596141815186,
      2.302708148956299,
      2.3027217388153076,
      2.302725076675415,
      2.302431106567383,
      2.3026981353759766,
      2.302786111831665,
      2.302464485168457,
      2.302794933319092,
      2.302962064743042,
      2.3023812770843506,
      2.302516460418701,
      2.302844285964966,
      2.302557945251465,
      2.3027842044830322,
      2.3026819229125977,
      2.30234956741333,
      2.3027374744415283,
      2.3026959896087646,
      2.302391767501831,
      2.3024508953094482,
      2.302631378173828,
      2.302743673324585,
      2.3025949001312256,
      2.3024508953094482,
      2.3026139736175537,
      2.302762508392334,
      2.302605628967285,
      2.3024022579193115,
      2.3027801513671875,
      2.302569627761841,
      2.302650213241577,
      2.302558422088623,
      2.302703619003296,
      2.3027920722961426,
      2.302588939666748,
      2.3023481369018555,
      2.3027565479278564,
      2.3026928901672363,
      2.3027617931365967,
      2.302680253982544,
      2.3025381565093994,
      2.3025901317596436,
      2.3025357723236084
    ],