{
  "config": {
    "run_name": "exp1_4",
    "out_dir": "./results",
    "seed": 973032739,
    "device": null,
    "bs_train": 128,
    "bs_test": 32,
    "batches": 100,
    "epochs": 100,
    "early_stopping": 3,
    "checkpoints": null,
    "lr": 0.001,
    "reg": 0.001,
    "filters_per_layer": [
      64,
      128,
      256
    ],
    "pool_every": 6,
    "hidden_dims": [
      100
    ],
    "model_type": "cnn",
    "conv_params": {
      "kernel_size": [
        3,
        3
      ],
      "stride": [
        1,
        1
      ],
      "padding": [
        1,
        1
      ]
    },
    "activation_type": "lrelu",
    "activation_params": {
      "negative_slope": 0.01
    },
    "pooling_type": "avg",
    "pooling_params": {
      "kernel_size": 2
    },
    "batchnorm": true,
    "dropout": 0.1,
    "kw": {},
    "layers_per_block": 8
  },
  "results": {
    "num_epochs": 0,
    "train_loss": [
      2.3035714626312256,
      2.3029098510742188,
      2.302835702896118,
      2.3027451038360596,
      2.302645683288574,
      2.3026089668273926,
      2.3028900623321533,
      2.3027868270874023,
      2.3025944232940674,
      2.3027498722076416,
      2.3028407096862793,
      2.3027420043945312,
      2.3026111125946045,
      2.3026208877563477,
      2.3027052879333496,
      2.3026835918426514,
      2.3027024269104004,
      2.3026180267333984,
      2.3028035163879395,
      2.302729368209839,
      2.302589178085327,
      2.3027634620666504,
      2.302759885787964,
      2.3026466369628906,
      2.302638292312622,
      2.302637815475464,
      2.302720069885254,
      2.3027288913726807,
      2.3026137351989746,
      2.3026585578918457,
      2.302703619003296,
      2.3027403354644775,
      2.3026857376098633,
      2.3027279376983643,
      2.302654504776001,
      2.3026647567749023,
      2.3027260303497314,
      2.30261492729187,
      2.30264949798584,
      2.3026113510131836,
      2.3026843070983887,
      2.302668333053589,
      2.3026976585388184,
      2.302659034729004,
      2.302682399749756,
      2.3027069568634033,
      2.3026821613311768,
      2.302656888961792,
      2.3026437759399414,
      2.3025310039520264,
      2.302669048309326,
      2.3027560710906982,
      2.302687644958496,
      2.3027210235595703,
      2.3025450706481934,
      2.3026132583618164,
      2.3026559352874756,
      2.30255389213562,
      2.3027496337890625,
      2.302666664123535,
      2.3026185035705566,
      2.302739143371582,
      2.3027098178863525,
      2.3026771545410156,
      2.3026440143585205,
      2.30261492729187,
      2.3026349544525146,
      2.302773952484131,
      2.3026697635650635,
      2.302628993988037,
      2.3025872707366943,
      2.302607774734497,
      2.3026983737945557,
      2.3026468753814697,
      2.302652597427368,
      2.3025143146514893,
      2.3028934001922607,
      2.3026041984558105,
      2.3026692867279053,
      2.3026275634765625,
      2.3027122020721436,
      2.3026230335235596,
      2.302562952041626,
      2.3026394844055176,
      2.3027639389038086,
      2.3024988174438477,
      2.3027024269104004,
      2.3026340007781982,
      2.3026225566864014,
      2.302734136581421,
      2.30268931388855,
      2.302699327468872,
      2.302675485610962,
      2.3026628494262695,
      2.302656888961792,
      2.3027164936065674,
      2.3026137351989746,
      2.3025636672973633,
      2.302762031555176,
      2.30269455909729
    ],
    "train_acc": [
      9.921875,
      9.953125,
      9.90625,
      10.203125,
      10.015625,
      10.0703125,
      9.8203125,
      9.640625,
      10.2265625,
      10.1328125,
      9.9453125,
      9.8203125,
      10.140625,
      9.6796875,
      10.0625,
      10.2578125,
      9.9140625,
      9.90625,
      9.8359375,
      9.90625,
      10.1015625,
      9.75,
      9.4765625,
      9.9140625,
      10.140625,
      10.3125,
      9.890625,
      9.484375,
      10.046875,
      9.9296875,
      9.4140625,
      10.171875,
      9.640625,
      9.4921875,
      10.1796875,
      9.5,
      9.421875,
      10.0625,
      9.8203125,
      10.5234375,
      10.109375,
      9.9296875,
      9.75,
      9.984375,
      9.3984375,
      9.859375,
      9.7890625,
      9.828125,
      9.7890625,
      10.2578125,
      10.3984375,
      9.921875,
      9.8984375,
      9.765625,
      10.0859375,
      10.140625,
      9.8359375,
      9.8828125,
      9.8828125,
      9.7421875,
      10.3671875,
      10.0546875,
      10.0859375,
      10.1953125,
      10.171875,
      10.1328125,
      10.015625,
      9.890625,
      9.609375,
      10.015625,
      9.7109375,
      10.1953125,
      9.8984375,
      10.1796875,
      9.9765625,
      10.5390625,
      9.3359375,
      10.140625,
      9.5703125,
      9.796875,
      9.890625,
      10.078125,
      9.65625,
      9.7109375,
      10.0,
      10.5078125,
      10.0390625,
      9.953125,
      10.28125,
      9.5859375,
      10.0859375,
      10.0078125,
      10.0078125,
      9.6640625,
      10.171875,
      9.96875,
      9.9609375,
      10.4453125,
      10.1640625,
      10.1953125
    ],
    "test_loss": [
      2.3031694889068604,
      2.302476406097412,
      2.3025429248809814,
      2.3025283813476562,
      2.303025245666504,
      2.302131175994873,
      2.3026793003082275,
      2.3026278018951416,
      2.303163528442383,
      2.30279278755188,
      2.302934408187866,
      2.3023931980133057,
      2.302644968032837,
      2.3031487464904785,
      2.302509069442749,
      2.3029370307922363,
      2.3025455474853516,
      2.3026280403137207,
      2.3026278018951416,
      2.3026633262634277,
      2.302558660507202,
      2.3028883934020996,
      2.3024652004241943,
      2.3026442527770996,
      2.3028149604797363,
      2.302645683288574,
      2.302591562271118,
      2.302638292312622,
      2.3027098178863525,
      2.302677631378174,
      2.302441120147705,
      2.302954912185669,
      2.3024239540100098,
      2.302598237991333,
      2.3026556968688965,
      2.302459955215454,
      2.3025243282318115,
      2.302623748779297,
      2.302372455596924,
      2.3025331497192383,
      2.30264949798584,
      2.30257248878479,
      2.3027076721191406,
      2.302722215652466,
      2.302520513534546,
      2.302652597427368,
      2.3026340007781982,
      2.302399158477783,
      2.30259370803833,
      2.3024349212646484,
      2.3027822971343994,
      2.302753448486328,
      2.3024935722351074,
      2.302598714828491,
      2.302717924118042,
      2.3026998043060303,
      2.30250883102417,
      2.302475929260254,
      2.3028013706207275,
      2.3026695251464844,
      2.3025715351104736,
      2.3024840354919434,
      2.3023428916931152,
      2.302809476852417,
      2.3026320934295654,
      2.3027493953704834,
      2.302807331085205,
      2.3029534816741943,
      2.3025710582733154,
      2.3025569915771484,
      2.3023386001586914,
      2.3025317192077637,
      2.3025763034820557,
      2.3027641773223877,
      2.3027565479278564,
      2.303027629852295,
      2.30277943611145,
      2.3027093410491943,
      2.302598476409912,
      2.302586078643799,
      2.3024632930755615,
      2.302469491958618,
      2.302506685256958,
      2.302720069885254,
      2.3024988174438477,
      2.3027000427246094,
      2.302940845489502,
      2.3027420043945312,
      2.3026504516601562,
      2.3028523921966553,
      2.3027894496917725,
      2.3026301860809326,
      2.3026843070983887,
      2.3027005195617676,
      2.302755355834961,
      2.3027126789093018,
      2.302503824234009,
      2.302738666534424,
      2.3026649951934814,
      2.3026063442230225
    ],