{
  "config": {
    "run_name": "test",
    "out_dir": "./results",
    "seed": 1532538087,
    "device": null,
    "bs_train": 128,
    "bs_test": 32,
    "batches": 100,
    "epochs": 100,
    "early_stopping": 3,
    "checkpoints": null,
    "lr": 0.001,
    "reg": 0.001,
    "filters_per_layer": [
      128
    ],
    "pool_every": 4,
    "hidden_dims": [
      100
    ],
    "model_type": "cnn",
    "conv_params": {
      "kernel_size": [
        3,
        3
      ],
      "stride": [
        1,
        1
      ],
      "padding": [
        1,
        1
      ]
    },
    "activation_type": "lrelu",
    "activation_params": {
      "negative_slope": 0.01
    },
    "pooling_type": "avg",
    "pooling_params": {
      "kernel_size": 2
    },
    "batchnorm": true,
    "dropout": 0.1,
    "kw": {},
    "layers_per_block": 2
  },
  "results": {
    "num_epochs": 0,
    "train_loss": [
      1.9102762937545776,
      1.4740829467773438,
      1.3553810119628906,
      1.2859879732131958,
      1.2169508934020996,
      1.1773591041564941,
      1.12826406955719,
      1.0870405435562134,
      1.0816515684127808,
      1.0044039487838745,
      1.0021988153457642,
      0.9697798490524292,
      0.9209986925125122,
      0.9147676825523376,
      0.8700807690620422,
      0.8526461720466614,
      0.8189572691917419,
      0.7948156595230103,
      0.7791473269462585,
      0.7596752643585205,
      0.7448939085006714,
      0.7364263534545898,
      0.7172232866287231,
      0.7051541209220886,
      0.6829147338867188,
      0.6647962927818298,
      0.6471412777900696,
      0.6472359895706177,
      0.630455493927002,
      0.6184301376342773,
      0.6061438322067261,
      0.5856790542602539,
      0.5722978711128235,
      0.5709264278411865,
      0.5476192235946655,
      0.5415881872177124,
      0.533748209476471,
      0.50790935754776,
      0.5086702704429626,
      0.4938969314098358,
      0.492723673582077,
      0.4775013327598572,
      0.4808667302131653,
      0.4632290303707123,
      0.4472252130508423,
      0.4373236894607544,
      0.44641318917274475,
      0.4296482503414154,
      0.4047306478023529,
      0.3955651521682739,
      0.39828193187713623,
      0.403706818819046,
      0.38950538635253906,
      0.3958962857723236,
      0.37028393149375916,
      0.36847200989723206,
      0.3545701205730438,
      0.35904747247695923,
      0.34887292981147766,
      0.3363445997238159,
      0.3519499599933624,
      0.33017826080322266,
      0.32375210523605347,
      0.3158058226108551,
      0.3309505879878998,
      0.31973689794540405,
      0.303488552570343,
      0.3141692280769348,
      0.3001801669597626,
      0.29650062322616577,
      0.3183688223361969,
      0.2983303666114807,
      0.2971610128879547,
      0.2804439961910248,
      0.28286951780319214,
      0.28753724694252014,
      0.26934686303138733,
      0.2641049921512604,
      0.25994694232940674,
      0.25615280866622925,
      0.2570931911468506,
      0.2654282748699188,
      0.26390883326530457,
      0.25949639081954956,
      0.25028106570243835,
      0.24873985350131989,
      0.24405589699745178,
      0.23171329498291016,
      0.24070407450199127,
      0.2350422739982605,
      0.24967627227306366,
      0.25213518738746643,
      0.2375420778989792,
      0.24390363693237305,
      0.23857824504375458,
      0.2351607084274292,
      0.24911290407180786,
      0.23475709557533264,
      0.22481068968772888,
      0.22706598043441772
    ],
    "train_acc": [
      32.4765625,
      47.3671875,
      51.7578125,
      53.9765625,
      55.921875,
      58.5625,
      59.71875,
      60.9921875,
      61.6796875,
      64.40625,
      65.0078125,
      65.9296875,
      67.9921875,
      68.09375,
      69.59375,
      70.2734375,
      71.5859375,
      72.5546875,
      72.8828125,
      73.9921875,
      74.2578125,
      74.6484375,
      75.3828125,
      76.1328125,
      76.5859375,
      76.8125,
      78.1015625,
      77.5703125,
      78.5703125,
      78.8515625,
      79.2109375,
      80.2578125,
      80.828125,
      80.84375,
      81.7109375,
      81.578125,
      81.7109375,
      82.5625,
      82.6171875,
      83.2734375,
      83.34375,
      83.8671875,
      83.796875,
      84.328125,
      84.6484375,
      84.890625,
      85.0859375,
      85.7890625,
      86.59375,
      86.7578125,
      86.7578125,
      86.3125,
      87.1875,
      86.78125,
      87.71875,
      87.390625,
      88.2578125,
      88.265625,
      88.3515625,
      88.90625,
      88.6875,
      89.015625,
      89.1796875,
      89.609375,
      89.0078125,
      89.7578125,
      89.890625,
      89.3828125,
      89.765625,
      90.109375,
      89.3203125,
      89.9921875,
      89.8203125,
      90.6640625,
      90.5703125,
      90.3359375,
      91.2734375,
      91.3359375,
      91.4140625,
      91.390625,
      91.5390625,
      91.2890625,
      91.3125,
      91.390625,
      91.6640625,
      91.921875,
      91.8046875,
      92.4140625,
      92.296875,
      92.296875,
      91.734375,
      91.6953125,
      92.109375,
      91.84375,
      92.28125,
      92.4375,
      91.4140625,
      92.1640625,
      92.6875,
      92.6796875
    ],
    "test_loss": [
      1.6381510496139526,
      1.3965723514556885,
      1.2985196113586426,
      1.2676312923431396,
      1.244439721107483,
      1.2339121103286743,
      1.1884143352508545,
      1.1844340562820435,
      1.1844890117645264,
      1.1342748403549194,
      1.0741803646087646,
      1.0976382493972778,
      1.0649689435958862,
      1.0724302530288696,
      1.0382939577102661,
      1.0435125827789307,
      1.0302538871765137,
      1.012190818786621,
      1.024464726448059,
      1.001137137413025,
      1.0232306718826294,
      1.033665657043457,
      0.9994082450866699,
      0.9850863218307495,
      1.0341036319732666,
      1.0453487634658813,
      1.0663408041000366,
      1.0354682207107544,
      1.0289030075073242,
      1.0493407249450684,
      1.0520381927490234,
      1.0063306093215942,
      1.1331043243408203,
      1.1618090867996216,
      1.052459955215454,
      1.049789309501648,
      1.0997377634048462,
      1.0969187021255493,
      1.1174429655075073,
      1.1125993728637695,
      1.1410096883773804,
      1.10096275806427,
      1.25005304813385,
      1.1948193311691284,
      1.2038438320159912,
      1.1515110731124878,
      1.1330994367599487,
      1.1925256252288818,
      1.1967273950576782,
      1.1626337766647339,
      1.1338589191436768,
      1.2273207902908325,
      1.2243385314941406,
      1.2278887033462524,
      1.2467538118362427,
      1.2763357162475586,
      1.2102991342544556,
      1.2582130432128906,
      1.2927998304367065,
      1.2105212211608887,
      1.1842429637908936,
      1.286952018737793,
      1.2507339715957642,
      1.347369909286499,
      1.277572512626648,
      1.3751198053359985,
      1.3444924354553223,
      1.3129260540008545,
      1.3398213386535645,
      1.275070309638977,
      1.3445597887039185,
      1.3245948553085327,
      1.267503261566162,
      1.3849748373031616,
      1.326731562614441,
      1.3830106258392334,
      1.3930211067199707,
      1.4055030345916748,
      1.3493963479995728,
      1.4480952024459839,
      1.4291248321533203,
      1.5019298791885376,
      1.3307784795761108,
      1.4204885959625244,
      1.4125198125839233,
      1.3979465961456299,
      1.469191074371338,
      1.4396953582763672,
      1.4640159606933594,
      1.4565911293029785,
      1.3978453874588013,
      1.4845207929611206,
      1.4366517066955566,
      1.5285265445709229,
      1.4389044046401978,
      1.5396875143051147,
      1.5124377012252808,
      1.4889923334121704,
      1.489815592765808,
      1.5582256317138672
    ],