{
  "config": {
    "run_name": "test",
    "out_dir": "./results",
    "seed": 671574141,
    "device": null,
    "bs_train": 128,
    "bs_test": 32,
    "batches": 100,
    "epochs": 100,
    "early_stopping": 3,
    "checkpoints": null,
    "lr": 0.001,
    "reg": 0.001,
    "filters_per_layer": [
      64
    ],
    "pool_every": 4,
    "hidden_dims": [
      100
    ],
    "model_type": "cnn",
    "conv_params": {
      "kernel_size": [
        3,
        3
      ],
      "stride": [
        1,
        1
      ],
      "padding": [
        1,
        1
      ]
    },
    "activation_type": "lrelu",
    "activation_params": {
      "negative_slope": 0.01
    },
    "pooling_type": "avg",
    "pooling_params": {
      "kernel_size": 2
    },
    "batchnorm": true,
    "dropout": 0.1,
    "kw": {},
    "layers_per_block": 4
  },
  "results": {
    "num_epochs": 0,
    "train_loss": [
      1.8557229042053223,
      1.550260305404663,
      1.416951060295105,
      1.3236831426620483,
      1.229524850845337,
      1.1635361909866333,
      1.1031795740127563,
      1.0702911615371704,
      1.037138819694519,
      0.9838385581970215,
      0.961076557636261,
      0.9202248454093933,
      0.9018137454986572,
      0.8573828935623169,
      0.8335602283477783,
      0.7900088429450989,
      0.7703326940536499,
      0.7585935592651367,
      0.7188240885734558,
      0.6839913725852966,
      0.676440417766571,
      0.6489654183387756,
      0.6178430318832397,
      0.5925374627113342,
      0.596513569355011,
      0.5594360828399658,
      0.5286257266998291,
      0.5325006246566772,
      0.5037949085235596,
      0.5024069547653198,
      0.48714667558670044,
      0.4517032206058502,
      0.4488351047039032,
      0.4235457479953766,
      0.4048343896865845,
      0.4030270576477051,
      0.3912801742553711,
      0.3962029814720154,
      0.36155086755752563,
      0.3392355144023895,
      0.3415989577770233,
      0.3468407690525055,
      0.3257421851158142,
      0.3152484595775604,
      0.3082119822502136,
      0.28712597489356995,
      0.2963123917579651,
      0.2856104075908661,
      0.2888815104961395,
      0.2790563702583313,
      0.2676445543766022,
      0.2566220164299011,
      0.24832002818584442,
      0.2460881769657135,
      0.2668638527393341,
      0.24684374034404755,
      0.2289237231016159,
      0.23986762762069702,
      0.23289458453655243,
      0.2454957664012909,
      0.22849209606647491,
      0.21865932643413544,
      0.2165006548166275,
      0.2140526920557022,
      0.21100589632987976,
      0.21233323216438293,
      0.21098355948925018,
      0.21572166681289673,
      0.20164771378040314,
      0.20978638529777527,
      0.19559985399246216,
      0.196522057056427,
      0.1952980011701584,
      0.19031912088394165,
      0.19802099466323853,
      0.18668892979621887,
      0.18466264009475708,
      0.19235967099666595,
      0.19472946226596832,
      0.1912316232919693,
      0.18311776220798492,
      0.18675978481769562,
      0.1725812554359436,
      0.17803055047988892,
      0.1799575388431549,
      0.17807862162590027,
      0.17062120139598846,
      0.18329912424087524,
      0.17350904643535614,
      0.1866864413022995,
      0.18161843717098236,
      0.17494434118270874,
      0.17379528284072876,
      0.1578100323677063,
      0.1722608208656311,
      0.16851836442947388,
      0.16027803719043732,
      0.16675488650798798,
      0.17063483595848083,
      0.15900276601314545
    ],
    "train_acc": [
      32.5,
      43.5234375,
      48.703125,
      52.6953125,
      55.65625,
      57.9375,
      60.9453125,
      62.46875,
      63.2109375,
      65.7734375,
      66.1953125,
      68.0,
      68.8125,
      70.1328125,
      70.84375,
      72.8125,
      73.421875,
      73.734375,
      74.953125,
      76.328125,
      76.71875,
      77.796875,
      79.1875,
      79.90625,
      79.4765625,
      80.921875,
      81.9765625,
      81.6640625,
      83.265625,
      83.15625,
      83.4765625,
      84.53125,
      84.65625,
      85.828125,
      86.4375,
      86.5625,
      86.7578125,
      86.7109375,
      88.0390625,
      88.546875,
      88.8046875,
      88.390625,
      89.171875,
      89.546875,
      89.7421875,
      90.28125,
      90.125,
      90.140625,
      89.9921875,
      90.609375,
      91.0078125,
      91.3203125,
      91.7734375,
      91.8828125,
      90.9453125,
      91.859375,
      92.4921875,
      91.8984375,
      91.859375,
      91.609375,
      92.359375,
      92.546875,
      92.5859375,
      92.6875,
      93.03125,
      92.7109375,
      92.96875,
      92.84375,
      93.359375,
      92.96875,
      93.265625,
      93.46875,
      93.328125,
      93.4921875,
      93.3984375,
      93.8125,
      93.6875,
      93.4140625,
      93.625,
      93.5,
      93.75,
      93.7734375,
      94.09375,
      94.0546875,
      94.03125,
      94.0234375,
      94.4375,
      94.0625,
      94.3515625,
      93.8125,
      93.9375,
      94.078125,
      94.2265625,
      94.6484375,
      94.171875,
      94.25,
      94.765625,
      94.5390625,
      94.359375,
      94.828125
    ],
    "test_loss": [
      1.5938036441802979,
      1.444997787475586,
      1.403455376625061,
      1.3525031805038452,
      1.2620514631271362,
      1.159855604171753,
      1.1605949401855469,
      1.1536469459533691,
      1.1041561365127563,
      1.063397765159607,
      1.0248900651931763,
      1.075001835823059,
      1.0074564218521118,
      1.0164183378219604,
      0.9960543513298035,
      0.9807677268981934,
      0.9866690039634705,
      1.0209643840789795,
      0.9612700343132019,
      0.9706651568412781,
      1.0116413831710815,
      0.9691252708435059,
      0.9864295125007629,
      0.9993581771850586,
      1.0040329694747925,
      0.9921457171440125,
      1.0838170051574707,
      0.9751824736595154,
      0.9631277918815613,
      0.9811893105506897,
      0.9964017868041992,
      1.0782095193862915,
      1.0441012382507324,
      1.0539474487304688,
      1.0764292478561401,
      1.0982729196548462,
      1.055347204208374,
      1.093285083770752,
      1.0942039489746094,
      1.114129900932312,
      1.1368350982666016,
      1.0836455821990967,
      1.0679560899734497,
      1.1016274690628052,
      1.087126612663269,
      1.1136574745178223,
      1.1263025999069214,
      1.3168506622314453,
      1.2044044733047485,
      1.1354364156723022,
      1.1490472555160522,
      1.1994857788085938,
      1.205161452293396,
      1.2509880065917969,
      1.2139989137649536,
      1.1819977760314941,
      1.187201738357544,
      1.2809221744537354,
      1.3006172180175781,
      1.2386430501937866,
      1.1765003204345703,
      1.2867398262023926,
      1.289787769317627,
      1.21909499168396,
      1.2507299184799194,
      1.3103703260421753,
      1.3221189975738525,
      1.2306934595108032,
      1.198805809020996,
      1.285535216331482,
      1.2927958965301514,
      1.2243430614471436,
      1.2724144458770752,
      1.356831431388855,
      1.267221450805664,
      1.207910180091858,
      1.3333454132080078,
      1.3400040864944458,
      1.3501310348510742,
      1.34163236618042,
      1.368071436882019,
      1.3218656778335571,
      1.3312220573425293,
      1.272963047027588,
      1.2616236209869385,
      1.2910866737365723,
      1.2975651025772095,
      1.3097621202468872,
      1.2876657247543335,
      1.3314845561981201,
      1.3222014904022217,
      1.2997791767120361,
      1.3417115211486816,
      1.2990543842315674,
      1.2814849615097046,
      1.4185502529144287,
      1.308529019355774,
      1.282236933708191,
      1.2776116132736206,
      1.3174865245819092
    ],