{
  "config": {
    "run_name": "test",
    "out_dir": "./results",
    "seed": 12055358,
    "device": null,
    "bs_train": 128,
    "bs_test": 32,
    "batches": 100,
    "epochs": 100,
    "early_stopping": 3,
    "checkpoints": null,
    "lr": 0.001,
    "reg": 0.001,
    "filters_per_layer": [
      64
    ],
    "pool_every": 4,
    "hidden_dims": [
      100
    ],
    "model_type": "cnn",
    "conv_params": {
      "kernel_size": [
        3,
        3
      ],
      "stride": [
        1,
        1
      ],
      "padding": [
        1,
        1
      ]
    },
    "activation_type": "lrelu",
    "activation_params": {
      "negative_slope": 0.01
    },
    "pooling_type": "avg",
    "pooling_params": {
      "kernel_size": 2
    },
    "batchnorm": true,
    "dropout": 0.1,
    "kw": {},
    "layers_per_block": 2
  },
  "results": {
    "num_epochs": 0,
    "train_loss": [
      1.807233214378357,
      1.4652847051620483,
      1.3509033918380737,
      1.2626527547836304,
      1.2134077548980713,
      1.1879498958587646,
      1.1259971857070923,
      1.0942293405532837,
      1.0633535385131836,
      1.032145380973816,
      0.9767988324165344,
      0.9548972845077515,
      0.9148063659667969,
      0.896084189414978,
      0.8550628423690796,
      0.8467876315116882,
      0.821430504322052,
      0.792913019657135,
      0.7868180871009827,
      0.7399297952651978,
      0.7459511160850525,
      0.7342579960823059,
      0.7092829942703247,
      0.6868950724601746,
      0.6638442277908325,
      0.6593481302261353,
      0.6392912864685059,
      0.6269625425338745,
      0.6259236931800842,
      0.6004553437232971,
      0.5978844165802002,
      0.5787407755851746,
      0.5486052632331848,
      0.530421257019043,
      0.536896824836731,
      0.5207617282867432,
      0.5309683680534363,
      0.5070717334747314,
      0.4950900971889496,
      0.4649122953414917,
      0.47110888361930847,
      0.4671354293823242,
      0.4502214193344116,
      0.4390636384487152,
      0.4273694157600403,
      0.41523486375808716,
      0.4080459773540497,
      0.40566787123680115,
      0.4072904586791992,
      0.3877403438091278,
      0.3851455748081207,
      0.37474849820137024,
      0.3600107431411743,
      0.36302128434181213,
      0.35361915826797485,
      0.36728107929229736,
      0.3549298048019409,
      0.35049155354499817,
      0.3331211805343628,
      0.3286258280277252,
      0.32789522409439087,
      0.32215964794158936,
      0.31514453887939453,
      0.3092210292816162,
      0.2981854975223541,
      0.2945280075073242,
      0.30821460485458374,
      0.29066020250320435,
      0.2846951484680176,
      0.2973937690258026,
      0.2874298393726349,
      0.300051748752594,
      0.2812270224094391,
      0.2709794342517853,
      0.28750622272491455,
      0.26156526803970337,
      0.2710445821285248,
      0.261976957321167,
      0.26652178168296814,
      0.25153815746307373,
      0.24571013450622559,
      0.2562985420227051,
      0.24879851937294006,
      0.2542658746242523,
      0.25091391801834106,
      0.24019168317317963,
      0.2544974386692047,
      0.24883374571800232,
      0.2541079521179199,
      0.24260210990905762,
      0.2397208958864212,
      0.22984883189201355,
      0.2488192468881607,
      0.2341068536043167,
      0.2253527045249939,
      0.2347879409790039,
      0.2198585718870163,
      0.22230996191501617,
      0.21226045489311218,
      0.22667312622070312
    ],
    "train_acc": [
      35.2578125,
      47.1171875,
      51.1484375,
      55.1171875,
      57.015625,
      57.703125,
      60.2578125,
      61.09375,
      61.5390625,
      63.5703125,
      65.7890625,
      66.28125,
      67.6953125,
      68.9296875,
      70.2578125,
      70.3359375,
      71.640625,
      72.4921875,
      72.8984375,
      74.1171875,
      74.0546875,
      74.78125,
      75.6328125,
      76.4453125,
      77.140625,
      77.15625,
      78.015625,
      78.6953125,
      78.578125,
      79.203125,
      79.734375,
      80.1484375,
      81.9453125,
      82.171875,
      81.953125,
      82.1953125,
      82.140625,
      83.015625,
      83.6015625,
      84.2890625,
      84.28125,
      84.53125,
      85.046875,
      85.4609375,
      85.9296875,
      86.453125,
      86.375,
      86.765625,
      86.6328125,
      87.453125,
      87.3125,
      87.4609375,
      88.203125,
      87.8984375,
      88.125,
      87.703125,
      88.3671875,
      88.09375,
      88.8359375,
      89.15625,
      89.1328125,
      89.3046875,
      90.0703125,
      90.09375,
      90.2578125,
      90.2578125,
      89.4921875,
      90.65625,
      90.7421875,
      90.21875,
      90.1953125,
      90.1484375,
      90.8984375,
      91.296875,
      90.5234375,
      91.359375,
      91.1953125,
      91.4375,
      91.328125,
      91.8125,
      91.8828125,
      91.75,
      92.1171875,
      91.765625,
      91.7734375,
      92.265625,
      91.78125,
      91.9765625,
      91.734375,
      92.265625,
      92.1171875,
      92.3671875,
      91.6484375,
      92.359375,
      92.5234375,
      92.421875,
      92.859375,
      92.796875,
      92.9453125,
      92.6640625
    ],
    "test_loss": [
      1.5229244232177734,
      1.4135929346084595,
      1.2628428936004639,
      1.2663284540176392,
      1.2269740104675293,
      1.1590958833694458,
      1.1589405536651611,
      1.1531643867492676,
      1.1066657304763794,
      1.1052407026290894,
      1.0931471586227417,
      1.0857118368148804,
      1.0462205410003662,
      1.036827802658081,
      1.0307823419570923,
      1.0335965156555176,
      1.070082187652588,
      1.0095549821853638,
      1.0334283113479614,
      1.033149242401123,
      1.073667287826538,
      1.04291832447052,
      0.9862800240516663,
      1.036611795425415,
      1.0837821960449219,
      1.0275801420211792,
      1.037835955619812,
      1.0584492683410645,
      1.0429390668869019,
      1.0035990476608276,
      1.1190444231033325,
      1.0588533878326416,
      1.0667262077331543,
      1.0795036554336548,
      1.0743544101715088,
      1.1669796705245972,
      1.0739030838012695,
      1.0662047863006592,
      1.0710901021957397,
      1.1086336374282837,
      1.1127184629440308,
      1.1411020755767822,
      1.122555136680603,
      1.0884073972702026,
      1.122496485710144,
      1.1808154582977295,
      1.1250605583190918,
      1.1219269037246704,
      1.149949312210083,
      1.1895840167999268,
      1.18505859375,
      1.167805790901184,
      1.1679412126541138,
      1.2059746980667114,
      1.251316785812378,
      1.1875221729278564,
      1.1692423820495605,
      1.217286229133606,
      1.228850245475769,
      1.2196426391601562,
      1.2623780965805054,
      1.233458399772644,
      1.266654372215271,
      1.2322735786437988,
      1.239745020866394,
      1.3163310289382935,
      1.3096648454666138,
      1.2934433221817017,
      1.334502100944519,
      1.3310128450393677,
      1.3166570663452148,
      1.2912979125976562,
      1.2621926069259644,
      1.324151873588562,
      1.2840862274169922,
      1.2733325958251953,
      1.3151088953018188,
      1.3711885213851929,
      1.460519552230835,
      1.4636486768722534,
      1.4440438747406006,
      1.4201526641845703,
      1.3466002941131592,
      1.460898518562317,
      1.3381612300872803,
      1.4314793348312378,
      1.4277948141098022,
      1.3983718156814575,
      1.3404771089553833,
      1.4437440633773804,
      1.421944260597229,
      1.5119744539260864,
      1.436292052268982,
      1.3481619358062744,
      1.3843839168548584,
      1.4078887701034546,
      1.468431830406189,
      1.4689407348632812,
      1.5031147003173828,
      1.4588704109191895
    ],