{
  "config": {
    "run_name": "test",
    "out_dir": "./results",
    "seed": 944615339,
    "device": null,
    "bs_train": 128,
    "bs_test": 32,
    "batches": 100,
    "epochs": 100,
    "early_stopping": 3,
    "checkpoints": null,
    "lr": 0.001,
    "reg": 0.001,
    "filters_per_layer": [
      64
    ],
    "pool_every": 4,
    "hidden_dims": [
      100
    ],
    "model_type": "cnn",
    "conv_params": {
      "kernel_size": [
        3,
        3
      ],
      "stride": [
        1,
        1
      ],
      "padding": [
        1,
        1
      ]
    },
    "activation_type": "lrelu",
    "activation_params": {
      "negative_slope": 0.01
    },
    "pooling_type": "avg",
    "pooling_params": {
      "kernel_size": 2
    },
    "batchnorm": true,
    "dropout": 0.1,
    "kw": {},
    "layers_per_block": 8
  },
  "results": {
    "num_epochs": 0,
    "train_loss": [
      2.3039188385009766,
      2.302889585494995,
      2.30306339263916,
      2.302823781967163,
      2.3028409481048584,
      2.3027169704437256,
      2.3026626110076904,
      2.302682638168335,
      2.3028056621551514,
      2.302701711654663,
      2.3027501106262207,
      2.302678346633911,
      2.3027539253234863,
      2.3026740550994873,
      2.3026750087738037,
      2.302690029144287,
      2.302731513977051,
      2.3026936054229736,
      2.302640438079834,
      2.3027429580688477,
      2.3025741577148438,
      2.3026978969573975,
      2.3027329444885254,
      2.302487373352051,
      2.302677631378174,
      2.3026559352874756,
      2.3027031421661377,
      2.3026950359344482,
      2.302478790283203,
      2.302544355392456,
      2.3027331829071045,
      2.3027727603912354,
      2.3027267456054688,
      2.302595615386963,
      2.302619695663452,
      2.302614450454712,
      2.3025741577148438,
      2.3027100563049316,
      2.3027710914611816,
      2.302639961242676,
      2.3026390075683594,
      2.3026793003082275,
      2.30273699760437,
      2.3025875091552734,
      2.3026485443115234,
      2.3026282787323,
      2.3026695251464844,
      2.302731990814209,
      2.3026974201202393,
      2.3026750087738037,
      2.302628993988037,
      2.302673101425171,
      2.30283784866333,
      2.302652597427368,
      2.302675724029541,
      2.302610158920288,
      2.3026411533355713,
      2.302663803100586,
      2.3026199340820312,
      2.3026509284973145,
      2.30273175239563,
      2.3027074337005615,
      2.3026111125946045,
      2.302659511566162,
      2.302492618560791,
      2.302706003189087,
      2.302410125732422,
      2.3028452396392822,
      2.3026602268218994,
      2.3027026653289795,
      2.3026483058929443,
      2.302750587463379,
      2.302586555480957,
      2.302772283554077,
      2.3025927543640137,
      2.302539348602295,
      2.3027114868164062,
      2.3027091026306152,
      2.3026015758514404,
      2.3028037548065186,
      2.3027260303497314,
      2.302619695663452,
      2.302762746810913,
      2.302724838256836,
      2.302700996398926,
      2.302713632583618,
      2.3025612831115723,
      2.3027398586273193,
      2.302626609802246,
      2.302736520767212,
      2.302528142929077,
      2.302774429321289,
      2.302624225616455,
      2.3025779724121094,
      2.3028225898742676,
      2.302666664123535,
      2.3026559352874756,
      2.3026838302612305,
      2.302629232406616,
      2.30265736579895
    ],
    "train_acc": [
      9.7578125,
      10.4296875,
      9.484375,
      10.1796875,
      10.34375,
      10.4609375,
      10.1953125,
      10.2578125,
      9.9921875,
      10.3125,
      9.828125,
      10.3046875,
      9.78125,
      10.015625,
      9.9609375,
      10.15625,
      9.65625,
      9.984375,
      10.1328125,
      10.0546875,
      10.5,
      9.9765625,
      9.8984375,
      10.5078125,
      9.8515625,
      9.9140625,
      9.9609375,
      10.171875,
      10.3671875,
      9.7890625,
      10.09375,
      9.8125,
      9.859375,
      9.828125,
      9.75,
      10.0625,
      9.859375,
      10.0859375,
      10.0078125,
      10.015625,
      9.8203125,
      10.0078125,
      10.0,
      9.484375,
      9.984375,
      10.375,
      10.1796875,
      9.3828125,
      9.46875,
      9.796875,
      10.2109375,
      9.875,
      9.8046875,
      10.125,
      10.0546875,
      10.2265625,
      9.8671875,
      9.8984375,
      9.8203125,
      10.2734375,
      9.5,
      9.625,
      10.1875,
      9.6484375,
      10.1015625,
      10.1953125,
      10.046875,
      9.8046875,
      10.3125,
      10.1328125,
      10.25,
      9.8984375,
      10.171875,
      9.84375,
      10.171875,
      10.0078125,
      10.046875,
      9.7578125,
      10.34375,
      9.6328125,
      9.703125,
      9.8125,
      9.4296875,
      10.1953125,
      9.2734375,
      9.890625,
      9.65625,
      9.84375,
      10.1796875,
      9.75,
      10.6640625,
      9.78125,
      10.15625,
      9.703125,
      9.9296875,
      10.125,
      10.0625,
      9.8828125,
      10.2265625,
      9.6953125
    ],
    "test_loss": [
      2.303508996963501,
      2.302769184112549,
      2.3026063442230225,
      2.3032066822052,
      2.3027985095977783,
      2.30241322517395,
      2.302647352218628,
      2.302262783050537,
      2.30283784866333,
      2.302624225616455,
      2.30253267288208,
      2.302602529525757,
      2.3027150630950928,
      2.302610397338867,
      2.3028159141540527,
      2.3026199340820312,
      2.302760124206543,
      2.302795886993408,
      2.302677631378174,
      2.302732229232788,
      2.3024964332580566,
      2.302704095840454,
      2.3026671409606934,
      2.3023362159729004,
      2.302302122116089,
      2.3028244972229004,
      2.3027191162109375,
      2.3026092052459717,
      2.3024051189422607,
      2.302597761154175,
      2.3026974201202393,
      2.3024544715881348,
      2.3025240898132324,
      2.3024792671203613,
      2.3030502796173096,
      2.3026483058929443,
      2.3031272888183594,
      2.3027167320251465,
      2.3022987842559814,
      2.3025381565093994,
      2.302572727203369,
      2.302652597427368,
      2.3024888038635254,
      2.3023455142974854,
      2.3029468059539795,
      2.302480459213257,
      2.3025732040405273,
      2.302755355834961,
      2.3026092052459717,
      2.3025834560394287,
      2.3025288581848145,
      2.3026771545410156,
      2.302764654159546,
      2.3025288581848145,
      2.3026986122131348,
      2.302489995956421,
      2.3027615547180176,
      2.302772045135498,
      2.3028676509857178,
      2.3025662899017334,
      2.302682399749756,
      2.302422046661377,
      2.3023715019226074,
      2.3026490211486816,
      2.302708625793457,
      2.3026106357574463,
      2.302569627761841,
      2.303013324737549,
      2.302868366241455,
      2.3024489879608154,
      2.302577257156372,
      2.3027429580688477,
      2.3026771545410156,
      2.3025362491607666,
      2.302406072616577,
      2.3028969764709473,
      2.302835702896118,
      2.302694082260132,
      2.3025946617126465,
      2.302659034729004,
      2.3026721477508545,
      2.302553653717041,
      2.302581548690796,
      2.302628517150879,
      2.3026716709136963,
      2.3028364181518555,
      2.30265212059021,
      2.302525043487549,
      2.3025991916656494,
      2.3024933338165283,
      2.3029603958129883,
      2.302589178085327,
      2.30245041847229,
      2.3027589321136475,
      2.302703619003296,
      2.30259370803833,
      2.302518606185913,
      2.3027472496032715,
      2.302699327468872,
      2.302476644515991
    ],