{
  "config": {
    "run_name": "test",
    "out_dir": "./results",
    "seed": 2112526625,
    "device": null,
    "bs_train": 128,
    "bs_test": 32,
    "batches": 100,
    "epochs": 100,
    "early_stopping": 3,
    "checkpoints": null,
    "lr": 0.001,
    "reg": 0.001,
    "filters_per_layer": [
      32
    ],
    "pool_every": 4,
    "hidden_dims": [
      100
    ],
    "model_type": "cnn",
    "conv_params": {
      "kernel_size": [
        3,
        3
      ],
      "stride": [
        1,
        1
      ],
      "padding": [
        1,
        1
      ]
    },
    "activation_type": "lrelu",
    "activation_params": {
      "negative_slope": 0.01
    },
    "pooling_type": "avg",
    "pooling_params": {
      "kernel_size": 2
    },
    "batchnorm": true,
    "dropout": 0.1,
    "kw": {},
    "layers_per_block": 8
  },
  "results": {
    "num_epochs": 0,
    "train_loss": [
      2.3035991191864014,
      2.3030412197113037,
      2.30288028717041,
      2.302762508392334,
      2.3028409481048584,
      2.3030216693878174,
      2.3027772903442383,
      2.3025670051574707,
      2.30265212059021,
      2.3026962280273438,
      2.3027167320251465,
      2.302767515182495,
      2.30259108543396,
      2.3026840686798096,
      2.3027055263519287,
      2.3026113510131836,
      2.302738666534424,
      2.3026282787323,
      2.302747964859009,
      2.302731513977051,
      2.302633285522461,
      2.302460193634033,
      2.3026068210601807,
      2.3027284145355225,
      2.3026692867279053,
      2.3027703762054443,
      2.302722215652466,
      2.302542209625244,
      2.3028464317321777,
      2.302628993988037,
      2.302532196044922,
      2.3026602268218994,
      2.3027796745300293,
      2.3026421070098877,
      2.3026082515716553,
      2.3026986122131348,
      2.3027701377868652,
      2.3026938438415527,
      2.3026368618011475,
      2.3026280403137207,
      2.302741527557373,
      2.3027424812316895,
      2.302609920501709,
      2.3026373386383057,
      2.302704334259033,
      2.302626132965088,
      2.302717924118042,
      2.3026998043060303,
      2.302604913711548,
      2.3027050495147705,
      2.3027048110961914,
      2.3026559352874756,
      2.302689790725708,
      2.3025295734405518,
      2.3026440143585205,
      2.302760601043701,
      2.302644968032837,
      2.3027493953704834,
      2.302593231201172,
      2.3026037216186523,
      2.302415609359741,
      2.3027076721191406,
      2.3025264739990234,
      2.302877902984619,
      2.3026204109191895,
      2.3026559352874756,
      2.3025565147399902,
      2.302523612976074,
      2.302835702896118,
      2.3026480674743652,
      2.3025567531585693,
      2.3027069568634033,
      2.3025870323181152,
      2.3025259971618652,
      2.3026959896087646,
      2.302532196044922,
      2.3026459217071533,
      2.3026998043060303,
      2.3027267456054688,
      2.302644968032837,
      2.302724599838257,
      2.3026297092437744,
      2.3028149604797363,
      2.302633047103882,
      2.3026533126831055,
      2.3026959896087646,
      2.302621603012085,
      2.3027355670928955,
      2.302731990814209,
      2.3025810718536377,
      2.3026468753814697,
      2.3027193546295166,
      2.302689790725708,
      2.3026015758514404,
      2.302678346633911,
      2.3026819229125977,
      2.3026506900787354,
      2.3026692867279053,
      2.3026671409606934,
      2.302760124206543
    ],
    "train_acc": [
      9.6640625,
      9.90625,
      9.796875,
      9.9296875,
      9.75,
      9.4921875,
      10.0,
      10.2890625,
      10.265625,
      9.953125,
      10.1328125,
      10.0234375,
      9.9765625,
      10.046875,
      9.84375,
      9.875,
      9.875,
      10.5078125,
      10.0234375,
      9.8125,
      10.15625,
      10.1640625,
      10.234375,
      9.7734375,
      9.671875,
      9.484375,
      9.8984375,
      10.2421875,
      9.75,
      10.109375,
      10.28125,
      10.0859375,
      9.625,
      10.0625,
      9.9765625,
      10.0390625,
      9.859375,
      9.6015625,
      9.484375,
      9.921875,
      9.8671875,
      9.6875,
      10.1796875,
      9.9296875,
      10.2734375,
      9.8125,
      9.8359375,
      9.84375,
      9.8125,
      10.0078125,
      9.6640625,
      10.09375,
      9.6953125,
      10.1796875,
      9.890625,
      9.984375,
      10.3046875,
      9.8203125,
      9.625,
      10.2578125,
      10.75,
      10.2734375,
      10.703125,
      9.6328125,
      10.3125,
      9.765625,
      9.7265625,
      10.2890625,
      9.828125,
      9.859375,
      10.140625,
      9.9453125,
      10.125,
      10.21875,
      9.7734375,
      10.46875,
      10.2265625,
      9.9921875,
      9.890625,
      9.7890625,
      9.7109375,
      10.359375,
      9.90625,
      10.1796875,
      9.6796875,
      9.953125,
      10.0,
      9.9375,
      9.90625,
      10.0390625,
      9.7578125,
      10.03125,
      9.8359375,
      10.296875,
      10.09375,
      9.9140625,
      10.46875,
      10.578125,
      9.859375,
      10.1171875
    ],
    "test_loss": [
      2.3028130531311035,
      2.3033108711242676,
      2.3031625747680664,
      2.303126096725464,
      2.3027637004852295,
      2.3025481700897217,
      2.302807331085205,
      2.302807092666626,
      2.302743673324585,
      2.3026154041290283,
      2.3027384281158447,
      2.3026907444000244,
      2.302583932876587,
      2.3026280403137207,
      2.302795648574829,
      2.302920341491699,
      2.3027284145355225,
      2.3023130893707275,
      2.302609443664551,
      2.3025243282318115,
      2.3027656078338623,
      2.3026604652404785,
      2.3029654026031494,
      2.3026015758514404,
      2.3028018474578857,
      2.302659034729004,
      2.302631139755249,
      2.3029680252075195,
      2.3025810718536377,
      2.3026340007781982,
      2.3024048805236816,
      2.3025851249694824,
      2.30281400680542,
      2.302605628967285,
      2.3026845455169678,
      2.302750825881958,
      2.302631378173828,
      2.3025259971618652,
      2.3026340007781982,
      2.30275559425354,
      2.302722930908203,
      2.302666187286377,
      2.3026139736175537,
      2.302741527557373,
      2.3026061058044434,
      2.3031420707702637,
      2.3027141094207764,
      2.3026368618011475,
      2.3027291297912598,
      2.302579402923584,
      2.3025054931640625,
      2.3026950359344482,
      2.3026809692382812,
      2.3026468753814697,
      2.3028175830841064,
      2.3023338317871094,
      2.3026702404022217,
      2.3025519847869873,
      2.3029000759124756,
      2.302922248840332,
      2.3029215335845947,
      2.3028759956359863,
      2.3025405406951904,
      2.3026695251464844,
      2.302690029144287,
      2.302779197692871,
      2.3026044368743896,
      2.3026182651519775,
      2.3025991916656494,
      2.3027515411376953,
      2.302804470062256,
      2.302572011947632,
      2.302788734436035,
      2.3027143478393555,
      2.3029556274414062,
      2.3024022579193115,
      2.3030548095703125,
      2.3029375076293945,
      2.30267333984375,
      2.3026435375213623,
      2.3025989532470703,
      2.3027005195617676,
      2.3026351928710938,
      2.302647113800049,
      2.302839994430542,
      2.3027586936950684,
      2.3026111125946045,
      2.302595853805542,
      2.302640199661255,
      2.302603244781494,
      2.302628993988037,
      2.3026487827301025,
      2.3025429248809814,
      2.3027589321136475,
      2.302609920501709,
      2.3028125762939453,
      2.3025758266448975,
      2.3027799129486084,
      2.3028886318206787,
      2.3026225566864014
    ],