{
  "config": {
    "run_name": "exp1_3",
    "out_dir": "./results",
    "seed": 484814218,
    "device": null,
    "bs_train": 128,
    "bs_test": 32,
    "batches": 100,
    "epochs": 100,
    "early_stopping": 3,
    "checkpoints": null,
    "lr": 0.001,
    "reg": 0.001,
    "filters_per_layer": [
      64,
      128,
      256
    ],
    "pool_every": 4,
    "hidden_dims": [
      100
    ],
    "model_type": "cnn",
    "conv_params": {
      "kernel_size": [
        3,
        3
      ],
      "stride": [
        1,
        1
      ],
      "padding": [
        1,
        1
      ]
    },
    "activation_type": "lrelu",
    "activation_params": {
      "negative_slope": 0.01
    },
    "pooling_type": "avg",
    "pooling_params": {
      "kernel_size": 2
    },
    "batchnorm": true,
    "dropout": 0.1,
    "kw": {},
    "layers_per_block": 1
  },
  "results": {
    "num_epochs": 0,
    "train_loss": [
      1.9063061475753784,
      1.5184489488601685,
      1.3547183275222778,
      1.286098599433899,
      1.2216196060180664,
      1.1537187099456787,
      1.1086896657943726,
      1.0503414869308472,
      0.998818576335907,
      0.9508811235427856,
      0.9198198318481445,
      0.8756116032600403,
      0.8577170372009277,
      0.810483992099762,
      0.7989456057548523,
      0.7908734679222107,
      0.7653801441192627,
      0.7263978123664856,
      0.724624752998352,
      0.7016995549201965,
      0.6892560720443726,
      0.6729785799980164,
      0.6588373184204102,
      0.6288670897483826,
      0.6230365037918091,
      0.6003499627113342,
      0.581804633140564,
      0.5733150839805603,
      0.5448829531669617,
      0.5336751937866211,
      0.517723560333252,
      0.5192189812660217,
      0.506805956363678,
      0.4857305884361267,
      0.47111988067626953,
      0.46392905712127686,
      0.44360026717185974,
      0.4372667074203491,
      0.4443196654319763,
      0.41798701882362366,
      0.40018603205680847,
      0.39599430561065674,
      0.39693519473075867,
      0.3830769956111908,
      0.3589266836643219,
      0.37633323669433594,
      0.351958304643631,
      0.35737162828445435,
      0.34523507952690125,
      0.33045494556427,
      0.33232128620147705,
      0.32795843482017517,
      0.3235841691493988,
      0.299544095993042,
      0.3112698793411255,
      0.3030325472354889,
      0.2989117503166199,
      0.28957366943359375,
      0.2891711890697479,
      0.27401596307754517,
      0.2741367518901825,
      0.27716928720474243,
      0.2742633819580078,
      0.2821194529533386,
      0.26735445857048035,
      0.27101776003837585,
      0.2561311423778534,
      0.2500910460948944,
      0.2564098834991455,
      0.23300881683826447,
      0.23952364921569824,
      0.2493789792060852,
      0.246818408370018,
      0.2383899986743927,
      0.23110321164131165,
      0.2410394549369812,
      0.24367159605026245,
      0.22879502177238464,
      0.2193344682455063,
      0.2411297708749771,
      0.22893987596035004,
      0.21442972123622894,
      0.22935231029987335,
      0.22587043046951294,
      0.21544843912124634,
      0.2092992514371872,
      0.22012752294540405,
      0.21884658932685852,
      0.2123899757862091,
      0.20372138917446136,
      0.20545512437820435,
      0.2092389017343521,
      0.20360663533210754,
      0.2020057886838913,
      0.2192675769329071,
      0.2079208344221115,
      0.21216870844364166,
      0.21381637454032898,
      0.19052356481552124,
      0.1931922435760498
    ],
    "train_acc": [
      33.15625,
      45.7578125,
      51.234375,
      53.84375,
      56.203125,
      59.09375,
      60.875,
      62.609375,
      64.90625,
      66.421875,
      67.8125,
      69.0546875,
      69.8125,
      71.6328125,
      71.96875,
      72.8046875,
      73.625,
      75.125,
      75.2109375,
      75.78125,
      76.5703125,
      76.890625,
      77.4609375,
      78.421875,
      78.5703125,
      79.1015625,
      80.296875,
      80.6640625,
      81.90625,
      81.9609375,
      82.1328125,
      82.015625,
      82.7578125,
      83.34375,
      84.3046875,
      84.46875,
      85.2734375,
      85.0390625,
      85.2421875,
      86.296875,
      86.4140625,
      86.96875,
      86.9765625,
      87.1953125,
      88.2890625,
      87.5234375,
      88.0703125,
      87.8828125,
      88.7265625,
      89.171875,
      88.75,
      89.0,
      89.328125,
      90.0546875,
      89.6171875,
      89.7890625,
      90.2421875,
      90.1640625,
      90.3828125,
      91.125,
      90.828125,
      91.140625,
      90.796875,
      90.671875,
      91.140625,
      90.7578125,
      91.4609375,
      92.1328125,
      91.296875,
      92.359375,
      92.0546875,
      91.8515625,
      91.9375,
      92.234375,
      92.25,
      92.0703125,
      92.0703125,
      92.609375,
      92.8203125,
      92.390625,
      92.5546875,
      92.859375,
      92.2890625,
      92.5546875,
      92.7421875,
      92.8671875,
      92.765625,
      92.7890625,
      93.015625,
      93.3828125,
      93.375,
      93.125,
      93.5703125,
      93.3828125,
      92.875,
      93.0859375,
      92.9765625,
      93.0078125,
      93.65625,
      93.53125
    ],
    "test_loss": [
      1.5640031099319458,
      1.4059417247772217,
      1.3740607500076294,
      1.3276393413543701,
      1.205729365348816,
      1.2048993110656738,
      1.1089229583740234,
      1.1366140842437744,
      1.1485518217086792,
      1.0225296020507812,
      1.0312926769256592,
      1.0483489036560059,
      0.9405856132507324,
      0.9650185108184814,
      0.9925666451454163,
      0.9939072728157043,
      0.9671286344528198,
      0.8958808183670044,
      0.933815598487854,
      0.9865303039550781,
      0.935988187789917,
      0.9812480211257935,
      0.9710894823074341,
      1.0178455114364624,
      1.0079498291015625,
      0.9406784772872925,
      0.9698861241340637,
      0.9793349504470825,
      0.9901982545852661,
      0.9502562284469604,
      0.9495934247970581,
      0.955427885055542,
      1.012383222579956,
      0.9863447546958923,
      0.9786878824234009,
      0.9905943870544434,
      1.0411503314971924,
      0.9870240092277527,
      1.0389618873596191,
      1.030388593673706,
      1.0175304412841797,
      1.02237868309021,
      1.0523189306259155,
      1.0668905973434448,
      1.0600318908691406,
      0.9933664202690125,
      1.1121739149093628,
      1.0603450536727905,
      1.0531212091445923,
      0.9959099888801575,
      1.084862232208252,
      1.1337153911590576,
      1.0625606775283813,
      1.1306449174880981,
      1.1173182725906372,
      1.11428964138031,
      1.1168781518936157,
      1.0701024532318115,
      1.1109591722488403,
      1.1161015033721924,
      1.1122379302978516,
      1.1571617126464844,
      1.1396658420562744,
      1.1928178071975708,
      1.2349498271942139,
      1.213066816329956,
      1.158798098564148,
      1.1880379915237427,
      1.189046025276184,
      1.1793321371078491,
      1.2617745399475098,
      1.257225751876831,
      1.2373371124267578,
      1.2750694751739502,
      1.3119415044784546,
      1.2308083772659302,
      1.2370907068252563,
      1.2400367259979248,
      1.2076126337051392,
      1.2571181058883667,
      1.2632780075073242,
      1.3469632863998413,
      1.2787412405014038,
      1.2638498544692993,
      1.263804316520691,
      1.2833648920059204,
      1.2445428371429443,
      1.328089714050293,
      1.256301999092102,
      1.3891113996505737,
      1.3256629705429077,
      1.2595328092575073,
      1.2816450595855713,
      1.3142348527908325,
      1.2911128997802734,
      1.2574084997177124,
      1.3077759742736816,
      1.28709077835083,
      1.2919999361038208,
      1.3930208683013916
    ],