{
  "config": {
    "run_name": "test",
    "out_dir": "./results",
    "seed": 395724324,
    "device": null,
    "bs_train": 128,
    "bs_test": 32,
    "batches": 100,
    "epochs": 100,
    "early_stopping": 3,
    "checkpoints": null,
    "lr": 0.001,
    "reg": 0.001,
    "filters_per_layer": [
      256
    ],
    "pool_every": 4,
    "hidden_dims": [
      100
    ],
    "model_type": "cnn",
    "conv_params": {
      "kernel_size": [
        3,
        3
      ],
      "stride": [
        1,
        1
      ],
      "padding": [
        1,
        1
      ]
    },
    "activation_type": "lrelu",
    "activation_params": {
      "negative_slope": 0.01
    },
    "pooling_type": "avg",
    "pooling_params": {
      "kernel_size": 2
    },
    "batchnorm": true,
    "dropout": 0.1,
    "kw": {},
    "layers_per_block": 2
  },
  "results": {
    "num_epochs": 0,
    "train_loss": [
      2.666813611984253,
      1.8139235973358154,
      1.5985041856765747,
      1.4888473749160767,
      1.4026695489883423,
      1.3512263298034668,
      1.2866714000701904,
      1.2667046785354614,
      1.2182894945144653,
      1.1893806457519531,
      1.1728960275650024,
      1.1518279314041138,
      1.1295479536056519,
      1.0953539609909058,
      1.1017543077468872,
      1.0804688930511475,
      1.0451468229293823,
      1.0523650646209717,
      1.041394829750061,
      1.0129612684249878,
      0.998607337474823,
      0.9866734147071838,
      0.9704234004020691,
      0.9685789346694946,
      0.9505516886711121,
      0.9281699657440186,
      0.9003319144248962,
      0.8950639963150024,
      0.8883348703384399,
      0.893825888633728,
      0.8612701296806335,
      0.8550456166267395,
      0.8388471603393555,
      0.8157041072845459,
      0.8138473033905029,
      0.8090878129005432,
      0.7804847359657288,
      0.7875877022743225,
      0.7756520509719849,
      0.7668558359146118,
      0.7548707127571106,
      0.767136812210083,
      0.737485945224762,
      0.7210262417793274,
      0.7166908979415894,
      0.7068216800689697,
      0.6864531636238098,
      0.6805994510650635,
      0.6787441372871399,
      0.6703206300735474,
      0.6629607081413269,
      0.6528123617172241,
      0.6521676778793335,
      0.6205599904060364,
      0.6281277537345886,
      0.6442803740501404,
      0.6200473308563232,
      0.6147848963737488,
      0.5892548561096191,
      0.591343343257904,
      0.5883249044418335,
      0.5847647786140442,
      0.5570701360702515,
      0.5719700455665588,
      0.5481574535369873,
      0.5544841289520264,
      0.5495056509971619,
      0.5384349822998047,
      0.5212486386299133,
      0.5148873925209045,
      0.5205782055854797,
      0.4938885271549225,
      0.4990707337856293,
      0.5034757852554321,
      0.49935027956962585,
      0.4963808059692383,
      0.48057135939598083,
      0.4725501239299774,
      0.4792425334453583,
      0.46659454703330994,
      0.45598578453063965,
      0.44630831480026245,
      0.44426229596138,
      0.4131133556365967,
      0.41903039813041687,
      0.41549715399742126,
      0.4146118462085724,
      0.41079533100128174,
      0.40231314301490784,
      0.4063659906387329,
      0.4015921652317047,
      0.40652158856391907,
      0.39576125144958496,
      0.38847312331199646,
      0.3763708770275116,
      0.3638073205947876,
      0.3596042990684509,
      0.36676740646362305,
      0.3579515814781189,
      0.3579573631286621
    ],
    "train_acc": [
      16.0859375,
      33.2109375,
      41.828125,
      46.4375,
      49.6953125,
      51.40625,
      54.046875,
      55.1640625,
      56.3359375,
      57.8984375,
      58.375,
      59.3984375,
      60.5859375,
      61.2578125,
      61.59375,
      62.0,
      63.3046875,
      62.75,
      62.953125,
      64.3984375,
      65.2421875,
      65.5625,
      65.5390625,
      65.90625,
      67.046875,
      67.8046875,
      68.6796875,
      68.5546875,
      69.6328125,
      68.90625,
      70.09375,
      70.1484375,
      71.1015625,
      72.1171875,
      71.5703125,
      71.5546875,
      72.9609375,
      72.7109375,
      73.046875,
      72.9296875,
      73.8515625,
      73.484375,
      74.7109375,
      75.15625,
      75.4609375,
      75.75,
      76.171875,
      76.3515625,
      76.609375,
      77.125,
      76.859375,
      77.796875,
      77.3125,
      79.0703125,
      78.5234375,
      77.8515625,
      78.7265625,
      79.1015625,
      79.515625,
      80.0859375,
      79.9453125,
      80.09375,
      81.0703125,
      80.21875,
      81.5,
      80.8984375,
      81.4296875,
      81.390625,
      82.4375,
      82.3359375,
      82.25,
      83.0,
      83.125,
      82.8125,
      82.859375,
      83.15625,
      84.1171875,
      83.90625,
      84.0703125,
      84.4296875,
      84.7421875,
      84.953125,
      85.2890625,
      86.7578125,
      85.8125,
      85.90625,
      86.3203125,
      86.171875,
      86.3046875,
      86.890625,
      86.5625,
      86.28125,
      86.6640625,
      86.921875,
      87.3828125,
      87.6640625,
      88.0625,
      87.875,
      88.359375,
      87.671875
    ],
    "test_loss": [
      2.0774097442626953,
      1.663682222366333,
      1.5078660249710083,
      1.4272531270980835,
      1.3971102237701416,
      1.3635292053222656,
      1.309651494026184,
      1.2592114210128784,
      1.2773560285568237,
      1.2484344244003296,
      1.2063934803009033,
      1.1691864728927612,
      1.1869672536849976,
      1.1587867736816406,
      1.1456328630447388,
      1.1495141983032227,
      1.1707115173339844,
      1.217194676399231,
      1.1507648229599,
      1.1332210302352905,
      1.1378017663955688,
      1.1880220174789429,
      1.1704261302947998,
      1.1333425045013428,
      1.1006910800933838,
      1.1117327213287354,
      1.1000725030899048,
      1.0748199224472046,
      1.0596305131912231,
      1.0650461912155151,
      1.0564141273498535,
      1.0659503936767578,
      1.1365963220596313,
      1.0853900909423828,
      1.08449125289917,
      1.0356204509735107,
      1.137289047241211,
      1.0682449340820312,
      1.0510176420211792,
      1.0925132036209106,
      1.0694812536239624,
      1.0538915395736694,
      1.087584376335144,
      1.102244257926941,
      1.0629198551177979,
      1.0760239362716675,
      1.0529035329818726,
      1.1556801795959473,
      1.1124085187911987,
      1.1399797201156616,
      1.1799001693725586,
      1.1308037042617798,
      1.1151039600372314,
      1.1201274394989014,
      1.075957179069519,
      1.0936423540115356,
      1.1381914615631104,
      1.1233844757080078,
      1.1964890956878662,
      1.1096086502075195,
      1.1983046531677246,
      1.131645917892456,
      1.1224398612976074,
      1.122272253036499,
      1.217733383178711,
      1.173482060432434,
      1.185923457145691,
      1.1570053100585938,
      1.1882259845733643,
      1.1948461532592773,
      1.1630017757415771,
      1.1506333351135254,
      1.2203166484832764,
      1.2288717031478882,
      1.2307076454162598,
      1.2893009185791016,
      1.2893415689468384,
      1.2755606174468994,
      1.273245930671692,
      1.2200403213500977,
      1.2982522249221802,
      1.2842761278152466,
      1.231687307357788,
      1.2917592525482178,
      1.3201981782913208,
      1.3215714693069458,
      1.2850184440612793,
      1.3490692377090454,
      1.2566792964935303,
      1.3498955965042114,
      1.2539499998092651,
      1.3047637939453125,
      1.305920958518982,
      1.3129340410232544,
      1.3395975828170776,
      1.3327189683914185,
      1.3589948415756226,
      1.3660787343978882,
      1.3437718152999878,
      1.4093480110168457
    ],