{
  "config": {
    "run_name": "exp1_4",
    "out_dir": "./results",
    "seed": 241548795,
    "device": null,
    "bs_train": 128,
    "bs_test": 32,
    "batches": 100,
    "epochs": 100,
    "early_stopping": 3,
    "checkpoints": null,
    "lr": 0.001,
    "reg": 0.001,
    "filters_per_layer": [
      32
    ],
    "pool_every": 6,
    "hidden_dims": [
      100
    ],
    "model_type": "cnn",
    "conv_params": {
      "kernel_size": [
        3,
        3
      ],
      "stride": [
        1,
        1
      ],
      "padding": [
        1,
        1
      ]
    },
    "activation_type": "lrelu",
    "activation_params": {
      "negative_slope": 0.01
    },
    "pooling_type": "avg",
    "pooling_params": {
      "kernel_size": 2
    },
    "batchnorm": true,
    "dropout": 0.1,
    "kw": {},
    "layers_per_block": 32
  },
  "results": {
    "num_epochs": 0,
    "train_loss": [
      2.3032948970794678,
      2.303004264831543,
      2.303050994873047,
      2.3027896881103516,
      2.302900791168213,
      2.3028066158294678,
      2.3027985095977783,
      2.3029439449310303,
      2.3027920722961426,
      2.3028059005737305,
      2.3030660152435303,
      2.302706480026245,
      2.3029398918151855,
      2.302884578704834,
      2.302647829055786,
      2.3028836250305176,
      2.302670955657959,
      2.3027522563934326,
      2.3027637004852295,
      2.302809953689575,
      2.3026280403137207,
      2.3027145862579346,
      2.302853584289551,
      2.302824020385742,
      2.3028600215911865,
      2.302703619003296,
      2.3026342391967773,
      2.302894115447998,
      2.302729606628418,
      2.302699089050293,
      2.3026511669158936,
      2.3027842044830322,
      2.302621364593506,
      2.302441120147705,
      2.3027684688568115,
      2.302666187286377,
      2.3026373386383057,
      2.302656650543213,
      2.302778482437134,
      2.302631378173828,
      2.302718162536621,
      2.302640676498413,
      2.3027608394622803,
      2.3026583194732666,
      2.3027822971343994,
      2.302623748779297,
      2.3025784492492676,
      2.3026444911956787,
      2.3027124404907227,
      2.302640438079834,
      2.3027541637420654,
      2.3025176525115967,
      2.302736282348633,
      2.3026766777038574,
      2.302625894546509,
      2.3025689125061035,
      2.302686929702759,
      2.302586078643799,
      2.302656412124634,
      2.302720308303833,
      2.3025195598602295,
      2.302732229232788,
      2.302703380584717,
      2.3024895191192627,
      2.302647829055786,
      2.3027234077453613,
      2.3026680946350098,
      2.3026936054229736,
      2.3027684688568115,
      2.302617073059082,
      2.30275559425354,
      2.302720546722412,
      2.302565813064575,
      2.3025920391082764,
      2.3026387691497803,
      2.302548885345459,
      2.3026516437530518,
      2.3029141426086426,
      2.302703857421875,
      2.302635431289673,
      2.302582263946533,
      2.3027124404907227,
      2.302700996398926,
      2.3026089668273926,
      2.302614450454712,
      2.3027284145355225,
      2.3026297092437744,
      2.302532911300659,
      2.302734136581421,
      2.3026132583618164,
      2.3027701377868652,
      2.302622079849243,
      2.302698850631714,
      2.3026084899902344,
      2.3027589321136475,
      2.302685499191284,
      2.302640438079834,
      2.30265736579895,
      2.3027048110961914,
      2.302690029144287
    ],
    "train_acc": [
      9.984375,
      9.859375,
      9.6015625,
      9.953125,
      9.859375,
      10.2421875,
      10.0078125,
      9.734375,
      10.171875,
      9.71875,
      9.6171875,
      10.0703125,
      9.6953125,
      9.4609375,
      10.2109375,
      9.875,
      10.2265625,
      10.1484375,
      10.2421875,
      9.671875,
      10.2578125,
      10.1171875,
      9.890625,
      9.6640625,
      10.0078125,
      9.6640625,
      9.8125,
      9.9921875,
      9.9375,
      9.40625,
      10.0078125,
      9.828125,
      9.765625,
      10.875,
      9.921875,
      10.2265625,
      9.78125,
      9.984375,
      9.8046875,
      9.8515625,
      9.546875,
      10.1171875,
      9.7421875,
      9.890625,
      9.8671875,
      10.2265625,
      9.953125,
      10.078125,
      10.171875,
      10.015625,
      9.703125,
      9.9140625,
      9.84375,
      9.875,
      10.0390625,
      10.0859375,
      10.140625,
      10.2109375,
      10.21875,
      10.140625,
      10.078125,
      10.2109375,
      10.2265625,
      10.25,
      9.9140625,
      10.15625,
      9.9296875,
      9.9453125,
      9.265625,
      9.78125,
      9.8671875,
      9.90625,
      10.5234375,
      10.140625,
      10.296875,
      10.140625,
      10.3671875,
      9.6015625,
      9.875,
      9.5625,
      10.234375,
      10.21875,
      9.7265625,
      10.21875,
      10.0,
      9.7421875,
      9.515625,
      10.328125,
      10.078125,
      9.828125,
      9.75,
      10.0625,
      10.0625,
      9.7265625,
      9.6171875,
      9.6640625,
      10.15625,
      9.8984375,
      9.546875,
      9.8359375
    ],
    "test_loss": [
      2.3036680221557617,
      2.3033430576324463,
      2.3024919033050537,
      2.302818536758423,
      2.3030481338500977,
      2.3029496669769287,
      2.30336594581604,
      2.3030078411102295,
      2.302399158477783,
      2.3026540279388428,
      2.302441358566284,
      2.3023407459259033,
      2.302861213684082,
      2.3025903701782227,
      2.302527666091919,
      2.3026747703552246,
      2.303029775619507,
      2.3031461238861084,
      2.302830934524536,
      2.303043842315674,
      2.3031423091888428,
      2.3025779724121094,
      2.302360773086548,
      2.3028383255004883,
      2.302631139755249,
      2.3028013706207275,
      2.3028998374938965,
      2.302619695663452,
      2.3026161193847656,
      2.3026576042175293,
      2.3028547763824463,
      2.302551507949829,
      2.3027870655059814,
      2.3028712272644043,
      2.3028318881988525,
      2.3025190830230713,
      2.3025124073028564,
      2.302659034729004,
      2.302330493927002,
      2.302500009536743,
      2.302642583847046,
      2.3023693561553955,
      2.3026421070098877,
      2.302842617034912,
      2.3026750087738037,
      2.3027732372283936,
      2.302743434906006,
      2.302701234817505,
      2.302562713623047,
      2.3028814792633057,
      2.302595376968384,
      2.302748441696167,
      2.30259108543396,
      2.302640438079834,
      2.302680253982544,
      2.3028979301452637,
      2.3024442195892334,
      2.302846670150757,
      2.30246639251709,
      2.302388906478882,
      2.3023734092712402,
      2.302586317062378,
      2.302502393722534,
      2.3025434017181396,
      2.30258846282959,
      2.3030314445495605,
      2.3023176193237305,
      2.3026528358459473,
      2.302546262741089,
      2.302644968032837,
      2.3026723861694336,
      2.3025245666503906,
      2.3023507595062256,
      2.302703619003296,
      2.302922487258911,
      2.3026702404022217,
      2.3023948669433594,
      2.3026628494262695,
      2.302459716796875,
      2.302600145339966,
      2.3028199672698975,
      2.3025331497192383,
      2.3026225566864014,
      2.3026175498962402,
      2.302556276321411,
      2.3028340339660645,
      2.3024826049804688,
      2.302520513534546,
      2.302711248397827,
      2.30241060256958,
      2.3025667667388916,
      2.3026726245880127,
      2.302469491958618,
      2.302661657333374,
      2.302633285522461,
      2.302600383758545,
      2.302690267562866,
      2.3026320934295654,
      2.3026769161224365,
      2.3028414249420166
    ],