{
  "config": {
    "run_name": "exp2",
    "out_dir": "./results",
    "seed": 1224868046,
    "device": null,
    "bs_train": 128,
    "bs_test": 32,
    "batches": 100,
    "epochs": 100,
    "early_stopping": 3,
    "checkpoints": null,
    "lr": 0.001,
    "reg": 0.001,
    "filters_per_layer": [
      32,
      64,
      128
    ],
    "pool_every": 8,
    "hidden_dims": [
      100
    ],
    "model_type": "ycn",
    "conv_params": {
      "kernel_size": [
        3,
        3
      ],
      "stride": [
        1,
        1
      ],
      "padding": [
        1,
        1
      ]
    },
    "activation_type": "lrelu",
    "activation_params": {
      "negative_slope": 0.01
    },
    "pooling_type": "avg",
    "pooling_params": {
      "kernel_size": 2
    },
    "batchnorm": true,
    "dropout": 0.1,
    "kw": {},
    "layers_per_block": 12
  },
  "results": {
    "num_epochs": 0,
    "train_loss": [
      2.1561925411224365,
      1.9208568334579468,
      1.8744813203811646,
      1.869181513786316,
      1.826979160308838,
      1.8125191926956177,
      1.8275097608566284,
      1.793743371963501,
      1.815386176109314,
      1.7763879299163818,
      1.7372558116912842,
      1.6840053796768188,
      1.6895967721939087,
      1.684033751487732,
      1.6297444105148315,
      1.6064794063568115,
      1.5703736543655396,
      1.550054907798767,
      1.5097863674163818,
      1.5133771896362305,
      1.4504947662353516,
      1.4532437324523926,
      1.3967950344085693,
      1.3756076097488403,
      1.3478807210922241,
      1.326343059539795,
      1.3029992580413818,
      1.2799521684646606,
      1.2449703216552734,
      1.2161668539047241,
      1.196526288986206,
      1.1969724893569946,
      1.1581370830535889,
      1.144919753074646,
      1.1217749118804932,
      1.1164911985397339,
      1.082991361618042,
      1.0878965854644775,
      1.0703362226486206,
      1.0613987445831299,
      1.079969882965088,
      1.031618595123291,
      1.0191384553909302,
      1.0375869274139404,
      1.014540195465088,
      0.9838184714317322,
      0.9725857973098755,
      0.9932057857513428,
      0.9575827717781067,
      0.9698073267936707,
      0.9508552551269531,
      0.9204779863357544,
      0.9179825186729431,
      0.9339929223060608,
      0.9040151834487915,
      0.9178532361984253,
      0.8907663822174072,
      0.8733466267585754,
      0.8949972987174988,
      0.8760071992874146,
      0.8657568097114563,
      0.8603230714797974,
      0.8618878722190857,
      0.8428585529327393,
      0.8476952314376831,
      0.8264329433441162,
      0.8285821080207825,
      0.8136951923370361,
      0.8129568099975586,
      0.8194206953048706,
      0.7923474907875061,
      0.7803811430931091,
      0.7790455222129822,
      0.7871320247650146,
      0.7683395147323608,
      0.7699320912361145,
      0.7794628143310547,
      0.7632049918174744,
      0.7675296068191528,
      0.7794581651687622,
      0.7368748188018799,
      0.7269298434257507,
      0.729827880859375,
      0.7236534953117371,
      0.7248007655143738,
      0.7103444337844849,
      0.7278118133544922,
      0.7108797430992126,
      0.696063756942749,
      0.7128630876541138,
      0.7021234631538391,
      0.693071722984314,
      0.7171548008918762,
      0.6767786741256714,
      0.6819796562194824,
      0.6859354376792908,
      0.6820592284202576,
      0.672684371471405,
      0.6718001961708069,
      0.6858347654342651
    ],
    "train_acc": [
      16.2421875,
      23.375,
      25.7578125,
      26.0,
      27.625,
      28.1953125,
      27.8984375,
      29.4375,
      29.7578125,
      30.828125,
      31.71875,
      33.6171875,
      32.5,
      33.0625,
      35.4609375,
      36.78125,
      38.8046875,
      39.78125,
      41.984375,
      42.1015625,
      44.359375,
      44.3515625,
      47.5390625,
      48.5078125,
      49.5234375,
      50.796875,
      52.6484375,
      53.7734375,
      54.875,
      55.59375,
      57.03125,
      56.921875,
      57.9921875,
      59.0703125,
      59.171875,
      59.640625,
      61.734375,
      61.234375,
      61.453125,
      62.203125,
      61.34375,
      63.21875,
      63.9453125,
      63.140625,
      64.21875,
      65.4921875,
      65.921875,
      65.09375,
      66.0234375,
      65.3984375,
      66.2265625,
      67.390625,
      67.4921875,
      67.0390625,
      68.46875,
      68.125,
      68.703125,
      69.0625,
      68.8671875,
      69.2265625,
      69.765625,
      70.203125,
      69.8046875,
      70.34375,
      70.390625,
      71.6171875,
      71.34375,
      71.7890625,
      71.6328125,
      71.265625,
      72.2421875,
      72.6875,
      73.125,
      72.625,
      72.90625,
      73.3828125,
      73.4609375,
      73.34375,
      73.4296875,
      73.2265625,
      74.4296875,
      75.203125,
      74.3828125,
      74.9765625,
      75.2734375,
      75.1484375,
      74.765625,
      75.9609375,
      76.4375,
      75.3125,
      75.90625,
      76.3515625,
      75.6484375,
      76.7890625,
      76.3671875,
      76.265625,
      76.453125,
      77.078125,
      77.0,
      76.796875
    ],
    "test_loss": [
      2.2758538722991943,
      2.013546943664551,
      1.8939388990402222,
      2.0802106857299805,
      1.8062806129455566,
      1.8969279527664185,
      1.9201488494873047,
      1.9147248268127441,
      1.8160996437072754,
      1.9026528596878052,
      1.7485694885253906,
      1.8294041156768799,
      1.6725883483886719,
      1.856429100036621,
      1.6788039207458496,
      1.8136558532714844,
      1.7334535121917725,
      1.6667420864105225,
      1.6986713409423828,
      1.5321720838546753,
      1.5509169101715088,
      1.4784433841705322,
      1.5535036325454712,
      1.4248520135879517,
      1.3553714752197266,
      1.6196857690811157,
      1.3840923309326172,
      1.387575626373291,
      1.360117793083191,
      1.3352625370025635,
      1.2423205375671387,
      1.348440408706665,
      1.2167856693267822,
      1.235923171043396,
      1.20730721950531,
      1.2548078298568726,
      1.4007666110992432,
      1.3043709993362427,
      1.1876052618026733,
      1.0603368282318115,
      1.1086894273757935,
      1.1357210874557495,
      1.0536785125732422,
      1.0747654438018799,
      1.1584665775299072,
      1.1554652452468872,
      1.0649776458740234,
      1.1101895570755005,
      0.9687493443489075,
      1.1032700538635254,
      1.0928210020065308,
      1.0310242176055908,
      1.0354119539260864,
      0.9769976735115051,
      1.0341500043869019,
      0.9777442812919617,
      0.9749127626419067,
      1.099497675895691,
      1.1076698303222656,
      0.9573572874069214,
      1.0733994245529175,
      1.041659951210022,
      0.9419398307800293,
      0.9738429188728333,
      1.0625571012496948,
      1.0611276626586914,
      1.007811427116394,
      0.9227778315544128,
      0.9675331711769104,
      1.0102033615112305,
      0.9819042086601257,
      0.9329033493995667,
      0.9788892269134521,
      1.0454561710357666,
      0.8588705062866211,
      0.8285183310508728,
      1.073349952697754,
      0.8460482358932495,
      1.0419403314590454,
      0.9377703666687012,
      0.8539693355560303,
      0.9476543068885803,
      0.7913097143173218,
      0.8717270493507385,
      0.8003237247467041,
      0.9543806314468384,
      0.8193746209144592,
      0.854308009147644,
      0.8469911217689514,
      0.854232907295227,
      0.9119452238082886,
      0.9364567399024963,
      0.906419038772583,
      1.003145456314087,
      0.860581636428833,
      0.8625015020370483,
      0.8837381601333618,
      0.9801614284515381,
      0.7899476289749146,
      0.7737663388252258
    ],