{
  "config": {
    "run_name": "exp2",
    "out_dir": "./results",
    "seed": 2000061422,
    "device": null,
    "bs_train": 128,
    "bs_test": 32,
    "batches": 100,
    "epochs": 100,
    "early_stopping": 3,
    "checkpoints": null,
    "lr": 0.001,
    "reg": 0.001,
    "filters_per_layer": [
      32,
      64,
      128
    ],
    "pool_every": 4,
    "hidden_dims": [
      100
    ],
    "model_type": "ycn",
    "conv_params": {
      "kernel_size": [
        3,
        3
      ],
      "stride": [
        1,
        1
      ],
      "padding": [
        1,
        1
      ]
    },
    "activation_type": "lrelu",
    "activation_params": {
      "negative_slope": 0.01
    },
    "pooling_type": "avg",
    "pooling_params": {
      "kernel_size": 2
    },
    "batchnorm": true,
    "dropout": 0.1,
    "kw": {},
    "layers_per_block": 6
  },
  "results": {
    "num_epochs": 0,
    "train_loss": [
      1.9447846412658691,
      1.702777624130249,
      1.5863609313964844,
      1.4718270301818848,
      1.3839547634124756,
      1.30436372756958,
      1.232676386833191,
      1.173420786857605,
      1.1205424070358276,
      1.0801568031311035,
      1.0410281419754028,
      1.013474702835083,
      1.0108168125152588,
      0.9638985395431519,
      0.9403594136238098,
      0.9065884351730347,
      0.9124372005462646,
      0.8764245510101318,
      0.8483800292015076,
      0.8513786196708679,
      0.8341277241706848,
      0.8215101957321167,
      0.789508581161499,
      0.7521779537200928,
      0.7644907832145691,
      0.744257390499115,
      0.7192533612251282,
      0.7371363639831543,
      0.7092881798744202,
      0.6995722055435181,
      0.672918975353241,
      0.6771630644798279,
      0.6732636094093323,
      0.6558838486671448,
      0.6385327577590942,
      0.6214536428451538,
      0.6183989644050598,
      0.6138390302658081,
      0.5956920981407166,
      0.5987769961357117,
      0.579470694065094,
      0.5933308601379395,
      0.5699512958526611,
      0.5573194622993469,
      0.5668175220489502,
      0.5584747195243835,
      0.5479350090026855,
      0.5370142459869385,
      0.5399473905563354,
      0.5277383327484131,
      0.5065760016441345,
      0.5087906718254089,
      0.5062951445579529,
      0.5149515271186829,
      0.4770676791667938,
      0.501075804233551,
      0.4999313950538635,
      0.48583078384399414,
      0.49898573756217957,
      0.4713246822357178,
      0.45720332860946655,
      0.47598642110824585,
      0.46635982394218445,
      0.45241206884384155,
      0.4549609124660492,
      0.4485993981361389,
      0.45746034383773804,
      0.43584463000297546,
      0.44167086482048035,
      0.4323051869869232,
      0.4386792778968811,
      0.45173975825309753,
      0.4401588439941406,
      0.4226941466331482,
      0.4288899004459381,
      0.4316086173057556,
      0.41050097346305847,
      0.4302859306335449,
      0.42853811383247375,
      0.40299123525619507,
      0.4185296893119812,
      0.409431129693985,
      0.40480756759643555,
      0.4061487913131714,
      0.40331125259399414,
      0.3921971917152405,
      0.3910177946090698,
      0.37973150610923767,
      0.39746370911598206,
      0.39741018414497375,
      0.3925516903400421,
      0.38245826959609985,
      0.38768863677978516,
      0.383802205324173,
      0.3731648027896881,
      0.4069753885269165,
      0.3851914405822754,
      0.3692900240421295,
      0.3749762773513794,
      0.3719196617603302
    ],
    "train_acc": [
      22.90625,
      34.296875,
      39.3984375,
      45.2265625,
      49.421875,
      52.84375,
      55.4765625,
      57.75,
      60.0625,
      61.421875,
      63.0625,
      64.1015625,
      64.3359375,
      65.8671875,
      67.265625,
      68.203125,
      68.1171875,
      69.328125,
      70.6171875,
      70.8671875,
      71.1171875,
      71.75,
      73.109375,
      74.53125,
      73.9609375,
      75.09375,
      75.8828125,
      74.7890625,
      76.0234375,
      76.5078125,
      77.484375,
      77.4140625,
      77.734375,
      77.953125,
      78.7890625,
      78.953125,
      79.53125,
      79.703125,
      80.2734375,
      80.2265625,
      80.7109375,
      80.40625,
      81.46875,
      81.9765625,
      81.25,
      81.34375,
      81.4765625,
      82.1015625,
      82.046875,
      82.5625,
      83.21875,
      83.109375,
      83.3046875,
      83.125,
      84.2109375,
      83.6328125,
      83.703125,
      83.9140625,
      83.7734375,
      84.578125,
      85.1328125,
      84.625,
      84.7890625,
      85.1484375,
      85.09375,
      85.28125,
      85.1640625,
      85.9296875,
      85.5234375,
      85.9765625,
      85.703125,
      85.1171875,
      85.625,
      86.3984375,
      85.875,
      85.7109375,
      86.6484375,
      85.8984375,
      85.6796875,
      86.6953125,
      86.3359375,
      86.578125,
      86.671875,
      86.53125,
      87.078125,
      87.25,
      87.3203125,
      87.1640625,
      87.375,
      86.953125,
      87.625,
      87.3359375,
      87.140625,
      87.4140625,
      87.7109375,
      86.6015625,
      87.1796875,
      87.984375,
      87.9296875,
      87.8984375
    ],
    "test_loss": [
      1.8385486602783203,
      1.6675341129302979,
      1.6415010690689087,
      1.421410083770752,
      1.4034969806671143,
      1.3518439531326294,
      1.2618156671524048,
      1.1964423656463623,
      1.236879825592041,
      1.0353859663009644,
      1.0458229780197144,
      0.9949684739112854,
      1.090082049369812,
      1.0240216255187988,
      1.0355186462402344,
      0.9185949563980103,
      0.9228824377059937,
      0.9008257985115051,
      0.9263234734535217,
      0.920530378818512,
      0.7915552854537964,
      0.8706242442131042,
      0.8139968514442444,
      0.8367877006530762,
      0.79440838098526,
      0.8103805184364319,
      0.8449621200561523,
      0.738004744052887,
      0.8060296177864075,
      0.8981339335441589,
      0.799026608467102,
      0.8045682311058044,
      0.7234980463981628,
      0.6958218216896057,
      0.7299477458000183,
      0.6969704031944275,
      0.8587696552276611,
      0.7046830058097839,
      0.676013708114624,
      0.6885095238685608,
      0.6855540871620178,
      0.6880171298980713,
      0.6336727142333984,
      0.5791106820106506,
      0.6113676428794861,
      0.6424604654312134,
      0.6186802387237549,
      0.5869335532188416,
      0.6890749931335449,
      0.6026172041893005,
      0.5965566635131836,
      0.7045714259147644,
      0.5970971584320068,
      0.6486165523529053,
      0.5815985798835754,
      0.6421186923980713,
      0.8023820519447327,
      0.6657193899154663,
      0.588202953338623,
      0.6334623694419861,
      0.6653465628623962,
      0.6049631834030151,
      0.5667440891265869,
      0.5919089913368225,
      0.5659090876579285,
      0.5571547746658325,
      0.548882782459259,
      0.5969785451889038,
      0.600153386592865,
      0.598057746887207,
      0.6267064809799194,
      0.6040432453155518,
      0.592590868473053,
      0.5860196352005005,
      0.5747746825218201,
      0.5565299987792969,
      0.6051557660102844,
      0.6025347709655762,
      0.5850967764854431,
      0.5903179049491882,
      0.5658629536628723,
      0.5450836420059204,
      0.5563805103302002,
      0.5657785534858704,
      0.6693755388259888,
      0.603586733341217,
      0.5330427289009094,
      0.556911826133728,
      0.5626912117004395,
      0.5915926098823547,
      0.5249358415603638,
      0.5338904857635498,
      0.5744814872741699,
      0.6442155241966248,
      0.797415554523468,
      0.6096025705337524,
      0.5884580612182617,
      0.5899239778518677,
      0.5629590749740601,
      0.5608174204826355
    ],