{
  "config": {
    "run_name": "exp2",
    "out_dir": "./results",
    "seed": 104029468,
    "device": null,
    "bs_train": 128,
    "bs_test": 32,
    "batches": 100,
    "epochs": 100,
    "early_stopping": 3,
    "checkpoints": null,
    "lr": 0.001,
    "reg": 0.001,
    "filters_per_layer": [
      32,
      64,
      128
    ],
    "pool_every": 6,
    "hidden_dims": [
      100
    ],
    "model_type": "ycn",
    "conv_params": {
      "kernel_size": [
        3,
        3
      ],
      "stride": [
        1,
        1
      ],
      "padding": [
        1,
        1
      ]
    },
    "activation_type": "lrelu",
    "activation_params": {
      "negative_slope": 0.01
    },
    "pooling_type": "avg",
    "pooling_params": {
      "kernel_size": 2
    },
    "batchnorm": true,
    "dropout": 0.1,
    "kw": {},
    "layers_per_block": 9
  },
  "results": {
    "num_epochs": 0,
    "train_loss": [
      2.1432814598083496,
      1.9073235988616943,
      1.8604623079299927,
      1.7627230882644653,
      1.6800422668457031,
      1.6188498735427856,
      1.577009677886963,
      1.5218992233276367,
      1.4620810747146606,
      1.4123220443725586,
      1.385031819343567,
      1.296961784362793,
      1.2511916160583496,
      1.2039974927902222,
      1.1648362874984741,
      1.1552233695983887,
      1.101747751235962,
      1.0852049589157104,
      1.0589580535888672,
      1.0356736183166504,
      1.0063211917877197,
      0.9896916747093201,
      0.965062141418457,
      0.9476059675216675,
      0.9177917838096619,
      0.925669252872467,
      0.9068849086761475,
      0.889931321144104,
      0.8821830749511719,
      0.8737041354179382,
      0.8414073586463928,
      0.8592567443847656,
      0.8238560557365417,
      0.8158779144287109,
      0.7837244272232056,
      0.8072726726531982,
      0.7810549736022949,
      0.7654836773872375,
      0.7622683048248291,
      0.7397810220718384,
      0.7325283885002136,
      0.7311169505119324,
      0.7115566730499268,
      0.7258135080337524,
      0.6983346939086914,
      0.7072471380233765,
      0.6833028793334961,
      0.6876723170280457,
      0.6756753325462341,
      0.6622182130813599,
      0.6728224754333496,
      0.6525800228118896,
      0.6413188576698303,
      0.6315160393714905,
      0.6237320303916931,
      0.6056152582168579,
      0.5996452569961548,
      0.6073272228240967,
      0.6045905947685242,
      0.5950701832771301,
      0.5794638991355896,
      0.5814527869224548,
      0.5646547079086304,
      0.6020935773849487,
      0.5703591704368591,
      0.5762068033218384,
      0.5518168807029724,
      0.5542877316474915,
      0.5465419888496399,
      0.533204972743988,
      0.5432853698730469,
      0.5232751965522766,
      0.5439686179161072,
      0.5165998935699463,
      0.5351552963256836,
      0.515691339969635,
      0.5207124352455139,
      0.5148376822471619,
      0.49979981780052185,
      0.5139763355255127,
      0.5042843222618103,
      0.4942203462123871,
      0.48044347763061523,
      0.5115372538566589,
      0.4964764714241028,
      0.494232177734375,
      0.4846995174884796,
      0.4728890061378479,
      0.47917112708091736,
      0.46898508071899414,
      0.47433003783226013,
      0.4770846962928772,
      0.4714216887950897,
      0.4531526565551758,
      0.4739491939544678,
      0.4597456157207489,
      0.4719778299331665,
      0.4490675926208496,
      0.4392293393611908,
      0.4664154052734375
    ],
    "train_acc": [
      16.21875,
      22.09375,
      24.0859375,
      27.046875,
      32.8984375,
      35.5390625,
      37.25,
      40.5390625,
      42.625,
      45.7109375,
      46.953125,
      52.3203125,
      54.0625,
      55.390625,
      57.21875,
      57.828125,
      59.5078125,
      60.4453125,
      61.9609375,
      63.34375,
      63.609375,
      64.1484375,
      65.6796875,
      66.390625,
      67.4296875,
      67.375,
      67.515625,
      68.9765625,
      69.3125,
      70.1953125,
      71.28125,
      70.609375,
      71.6484375,
      72.203125,
      73.421875,
      72.84375,
      73.71875,
      73.96875,
      74.3046875,
      75.109375,
      75.7578125,
      75.8515625,
      76.3359375,
      75.8359375,
      76.5859375,
      76.34375,
      77.21875,
      76.9296875,
      77.96875,
      78.1640625,
      78.125,
      78.4765625,
      79.0078125,
      79.375,
      79.671875,
      80.234375,
      80.3046875,
      79.9453125,
      80.5,
      80.5859375,
      80.8984375,
      80.8671875,
      81.546875,
      79.859375,
      80.9609375,
      80.890625,
      81.8359375,
      81.734375,
      82.0546875,
      82.7421875,
      82.0234375,
      82.4765625,
      82.234375,
      82.96875,
      82.4765625,
      83.28125,
      83.359375,
      83.0390625,
      83.734375,
      83.375,
      83.4375,
      83.90625,
      84.21875,
      83.3984375,
      83.8203125,
      83.8671875,
      84.3671875,
      84.7109375,
      84.453125,
      84.7109375,
      84.3515625,
      84.359375,
      84.421875,
      85.265625,
      84.671875,
      84.875,
      84.7109375,
      85.40625,
      85.84375,
      84.8828125
    ],
    "test_loss": [
      2.412017345428467,
      1.8598824739456177,
      1.8347612619400024,
      1.895486831665039,
      1.7951306104660034,
      1.6072847843170166,
      1.9506722688674927,
      1.57174813747406,
      1.5755500793457031,
      1.4157525300979614,
      1.488167643547058,
      1.3681516647338867,
      1.6179760694503784,
      1.6587028503417969,
      1.2422757148742676,
      1.8974512815475464,
      1.2056971788406372,
      1.1227120161056519,
      0.9827402234077454,
      1.2500064373016357,
      1.002119779586792,
      1.0999945402145386,
      1.0111145973205566,
      1.0845603942871094,
      0.954984724521637,
      0.9908877611160278,
      0.992534339427948,
      1.0148639678955078,
      0.9200601577758789,
      1.0189900398254395,
      0.9664438962936401,
      1.026633620262146,
      0.9602508544921875,
      0.9468657374382019,
      0.9331035614013672,
      0.8583402633666992,
      0.8502939343452454,
      1.050682544708252,
      0.8206660151481628,
      0.8061996102333069,
      0.798734188079834,
      0.7681863307952881,
      0.8791174292564392,
      0.7989984154701233,
      0.7952418923377991,
      0.7259523868560791,
      0.7342965602874756,
      0.7837989926338196,
      0.6763858795166016,
      0.8599026203155518,
      0.7981302738189697,
      0.7862075567245483,
      0.7060018181800842,
      0.6719878911972046,
      0.7187678217887878,
      0.6698557734489441,
      0.701543390750885,
      1.0031018257141113,
      0.6830450296401978,
      0.6420087814331055,
      0.8698757886886597,
      0.7591941952705383,
      0.7940827012062073,
      0.7023282647132874,
      0.670957088470459,
      0.6632029414176941,
      0.6622413396835327,
      0.6029976010322571,
      0.6923255920410156,
      0.7750033140182495,
      0.7043247222900391,
      0.6466462016105652,
      0.7068317532539368,
      0.6721698641777039,
      0.654455304145813,
      0.6525579690933228,
      0.6600301265716553,
      0.6158480644226074,
      0.6612614989280701,
      0.7668770551681519,
      0.6222422122955322,
      0.6959013938903809,
      0.6005533337593079,
      0.6514626145362854,
      0.6593562960624695,
      0.6447125673294067,
      0.703691303730011,
      0.6517658233642578,
      0.5752400755882263,
      0.6253480911254883,
      0.6496931314468384,
      0.7811422348022461,
      0.5922040343284607,
      0.6477599143981934,
      0.6520270109176636,
      0.658189058303833,
      0.5883934497833252,
      0.6553892493247986,
      0.628082275390625,
      0.6531310081481934
    ],