{
  "config": {
    "run_name": "exp2",
    "out_dir": "./results",
    "seed": 2056559394,
    "device": null,
    "bs_train": 128,
    "bs_test": 32,
    "batches": 100,
    "epochs": 100,
    "early_stopping": 3,
    "checkpoints": null,
    "lr": 0.001,
    "reg": 0.001,
    "filters_per_layer": [
      32,
      64,
      128
    ],
    "pool_every": 2,
    "hidden_dims": [
      100
    ],
    "model_type": "ycn",
    "conv_params": {
      "kernel_size": [
        3,
        3
      ],
      "stride": [
        1,
        1
      ],
      "padding": [
        1,
        1
      ]
    },
    "activation_type": "lrelu",
    "activation_params": {
      "negative_slope": 0.01
    },
    "pooling_type": "avg",
    "pooling_params": {
      "kernel_size": 2
    },
    "batchnorm": true,
    "dropout": 0.1,
    "kw": {},
    "layers_per_block": 3
  },
  "results": {
    "num_epochs": 0,
    "train_loss": [
      1.7325881719589233,
      1.4057748317718506,
      1.264556884765625,
      1.1514487266540527,
      1.0538264513015747,
      0.9810347557067871,
      0.9389351010322571,
      0.8983938694000244,
      0.846099853515625,
      0.8121449947357178,
      0.7777450084686279,
      0.7547603845596313,
      0.7173060774803162,
      0.7219949960708618,
      0.6846476197242737,
      0.666618287563324,
      0.651404857635498,
      0.6359405517578125,
      0.6169569492340088,
      0.5982195138931274,
      0.5916084051132202,
      0.5863996744155884,
      0.5712573528289795,
      0.556046187877655,
      0.5522772073745728,
      0.5291128158569336,
      0.5390251278877258,
      0.5282723903656006,
      0.5238714814186096,
      0.5162654519081116,
      0.4886086583137512,
      0.5015974640846252,
      0.47908419370651245,
      0.47760945558547974,
      0.46686387062072754,
      0.4630967080593109,
      0.4490259289741516,
      0.45889267325401306,
      0.44245022535324097,
      0.4505152106285095,
      0.43981698155403137,
      0.4323463439941406,
      0.4234970211982727,
      0.4438280165195465,
      0.41811585426330566,
      0.3996937870979309,
      0.41364020109176636,
      0.41548359394073486,
      0.4012672007083893,
      0.393865704536438,
      0.4086112678050995,
      0.3934566378593445,
      0.40277108550071716,
      0.3776773512363434,
      0.38261017203330994,
      0.3813972771167755,
      0.3657197952270508,
      0.3873133063316345,
      0.3684889078140259,
      0.3908999264240265,
      0.3581702709197998,
      0.3632345497608185,
      0.37387382984161377,
      0.3631041646003723,
      0.3452674150466919,
      0.35139524936676025,
      0.33768343925476074,
      0.358342707157135,
      0.33527955412864685,
      0.3564037084579468,
      0.3433719575405121,
      0.3348632752895355,
      0.33468905091285706,
      0.3398508131504059,
      0.33725863695144653,
      0.32338181138038635,
      0.3175894618034363,
      0.3289460241794586,
      0.3370869755744934,
      0.3284565210342407,
      0.31528082489967346,
      0.3214206397533417,
      0.30892857909202576,
      0.31430840492248535,
      0.3134835958480835,
      0.32193928956985474,
      0.3161824345588684,
      0.3205307722091675,
      0.30513253808021545,
      0.3121504485607147,
      0.3053640127182007,
      0.2913510203361511,
      0.30377763509750366,
      0.2955142855644226,
      0.30977189540863037,
      0.2988017499446869,
      0.31124329566955566,
      0.30123957991600037,
      0.28799644112586975,
      0.2993166446685791
    ],
    "train_acc": [
      35.40625,
      48.5,
      53.71875,
      58.5859375,
      62.375,
      65.0546875,
      67.359375,
      68.6796875,
      70.2109375,
      71.625,
      73.109375,
      73.4296875,
      75.0,
      75.1640625,
      76.40625,
      76.953125,
      77.6640625,
      78.0859375,
      78.796875,
      79.453125,
      79.703125,
      79.7734375,
      80.2890625,
      81.140625,
      81.3828125,
      81.828125,
      81.5546875,
      81.8984375,
      82.1015625,
      82.4140625,
      83.3046875,
      82.8203125,
      83.5703125,
      83.5859375,
      84.2890625,
      84.40625,
      84.8046875,
      84.15625,
      84.9375,
      84.5546875,
      84.734375,
      84.75,
      85.2421875,
      84.96875,
      85.625,
      86.25,
      86.1640625,
      85.4921875,
      86.328125,
      86.40625,
      86.0390625,
      86.515625,
      86.359375,
      86.875,
      87.1015625,
      86.578125,
      87.3828125,
      86.90625,
      87.796875,
      86.703125,
      87.890625,
      87.2734375,
      86.9453125,
      87.546875,
      88.2109375,
      88.03125,
      88.59375,
      87.34375,
      88.4296875,
      87.6328125,
      88.359375,
      88.3984375,
      88.5546875,
      88.21875,
      88.6484375,
      88.7578125,
      89.375,
      88.671875,
      88.28125,
      88.46875,
      89.3515625,
      88.9375,
      89.5,
      89.15625,
      89.1796875,
      88.921875,
      89.078125,
      88.9609375,
      89.53125,
      89.53125,
      89.6796875,
      89.8984375,
      89.59375,
      89.8203125,
      89.453125,
      89.6640625,
      89.140625,
      89.8671875,
      90.015625,
      89.84375
    ],
    "test_loss": [
      1.5560269355773926,
      1.292525053024292,
      1.216728925704956,
      1.0497602224349976,
      1.0439515113830566,
      0.9309189319610596,
      0.9489598870277405,
      0.9117263555526733,
      0.9017285704612732,
      0.9997788071632385,
      0.8347022533416748,
      0.803993821144104,
      0.7527318596839905,
      0.6900953650474548,
      0.7569602131843567,
      0.6708073616027832,
      0.7174646258354187,
      0.674029529094696,
      0.7463327050209045,
      0.7366709113121033,
      0.644303560256958,
      0.6912158131599426,
      0.6791110038757324,
      0.6179580092430115,
      0.6263862252235413,
      0.6241171956062317,
      0.6688477396965027,
      0.5873613953590393,
      0.5952985882759094,
      0.6056585311889648,
      0.5932299494743347,
      0.63873690366745,
      0.6008362174034119,
      0.584449052810669,
      0.6051275134086609,
      0.6749114990234375,
      0.585766613483429,
      0.6059014797210693,
      0.6303690075874329,
      0.5917237997055054,
      0.6352784633636475,
      0.6176869869232178,
      0.6828916072845459,
      0.6051599979400635,
      0.5740199089050293,
      0.5776672959327698,
      0.5973312854766846,
      0.6276212930679321,
      0.6338334679603577,
      0.6287162899971008,
      0.6650887131690979,
      0.5646621584892273,
      0.5839437246322632,
      0.6359505653381348,
      0.6040931344032288,
      0.5398971438407898,
      0.569486677646637,
      0.5736403465270996,
      0.5802410840988159,
      0.5835310816764832,
      0.6144098043441772,
      0.5857490301132202,
      0.5503197908401489,
      0.5672371983528137,
      0.5358175039291382,
      0.5525305271148682,
      0.5963945984840393,
      0.5991923809051514,
      0.5630338191986084,
      0.622526228427887,
      0.6092817783355713,
      0.6066471934318542,
      0.6142432689666748,
      0.5634742379188538,
      0.5722324848175049,
      0.5870844125747681,
      0.5753756165504456,
      0.5984805822372437,
      0.6124089956283569,
      0.6053293943405151,
      0.6029065251350403,
      0.5535216331481934,
      0.5831800699234009,
      0.5423083901405334,
      0.5761192440986633,
      0.607388973236084,
      0.5894700884819031,
      0.6152716279029846,
      0.5837385654449463,
      0.5869255661964417,
      0.6078959703445435,
      0.6046974062919617,
      0.5707767605781555,
      0.6391504406929016,
      0.5917441844940186,
      0.5980722904205322,
      0.6017776131629944,
      0.5956436991691589,
      0.6466894745826721,
      0.617683470249176
    ],